Workbook

Sheet 요약
A1: LINE Messaging API 메시지 송수신 테스트 케이스
A2: - 요구사항 22건(REQ-01~22)은 LINE Developers 공개 문서(Messaging API reference·docs, 2026-10-25 조회)에서 역도출. 질의사항 13건(Q01~Q13)은 실제 응답으로 확정하며 기대결과에 'Qn 회신 후 확정' 표기
A3: - 설계 근거: 요구사항(공개 문서에서 직접 도출) / 리스크 기반(문서 외, 중복 발송·유실·보안 영향 큼) / 추가 검증(범위 외 품질 확인)
A4: - 입력: '테스트케이스' 시트 노란 칸. 결과는 Pass/Fail/Blocked/N/A 선택. 집계는 자동 계산
A5: - 실행 구분: 무발송(사용자에게 메시지가 가지 않음) / 발송(테스트 사용자에게 실제 도달, 월 한도 소모) / 장기·한도(24시간 키 만료·14일 상태 창·시간당 한도 등 시간 경과 필요). 자동화 구분: API / UI(LINE 앱·콘솔 확인) / 수동 — 계획서 8장
A7: 대분류 | B7: TC 수 | C7: P1 | D7: P2 | E7: P3 | F7: Pass | G7: Fail | H7: Blocked | I7: 미완료
A8: 인증·토큰 | B8: =COUNTIF('테스트케이스'!$B$2:$B$103,A8) | C8: =COUNTIFS('테스트케이스'!$B$2:$B$103,$A8,'테스트케이스'!$H$2:$H$103,"P1") | D8: =COUNTIFS('테스트케이스'!$B$2:$B$103,$A8,'테스트케이스'!$H$2:$H$103,"P2") | E8: =COUNTIFS('테스트케이스'!$B$2:$B$103,$A8,'테스트케이스'!$H$2:$H$103,"P3") | F8: =COUNTIFS('테스트케이스'!$B$2:$B$103,$A8,'테스트케이스'!$N$2:$N$103,"Pass") | G8: =COUNTIFS('테스트케이스'!$B$2:$B$103,$A8,'테스트케이스'!$N$2:$N$103,"Fail") | H8: =COUNTIFS('테스트케이스'!$B$2:$B$103,$A8,'테스트케이스'!$N$2:$N$103,"Blocked") | I8: =B8-F8-G8-H8-COUNTIFS('테스트케이스'!$B$2:$B$103,$A8,'테스트케이스'!$N$2:$N$103,"N/A")
A9: 공통 계약 | B9: =COUNTIF('테스트케이스'!$B$2:$B$103,A9) | C9: =COUNTIFS('테스트케이스'!$B$2:$B$103,$A9,'테스트케이스'!$H$2:$H$103,"P1") | D9: =COUNTIFS('테스트케이스'!$B$2:$B$103,$A9,'테스트케이스'!$H$2:$H$103,"P2") | E9: =COUNTIFS('테스트케이스'!$B$2:$B$103,$A9,'테스트케이스'!$H$2:$H$103,"P3") | F9: =COUNTIFS('테스트케이스'!$B$2:$B$103,$A9,'테스트케이스'!$N$2:$N$103,"Pass") | G9: =COUNTIFS('테스트케이스'!$B$2:$B$103,$A9,'테스트케이스'!$N$2:$N$103,"Fail") | H9: =COUNTIFS('테스트케이스'!$B$2:$B$103,$A9,'테스트케이스'!$N$2:$N$103,"Blocked") | I9: =B9-F9-G9-H9-COUNTIFS('테스트케이스'!$B$2:$B$103,$A9,'테스트케이스'!$N$2:$N$103,"N/A")
A10: 응답 메시지 | B10: =COUNTIF('테스트케이스'!$B$2:$B$103,A10) | C10: =COUNTIFS('테스트케이스'!$B$2:$B$103,$A10,'테스트케이스'!$H$2:$H$103,"P1") | D10: =COUNTIFS('테스트케이스'!$B$2:$B$103,$A10,'테스트케이스'!$H$2:$H$103,"P2") | E10: =COUNTIFS('테스트케이스'!$B$2:$B$103,$A10,'테스트케이스'!$H$2:$H$103,"P3") | F10: =COUNTIFS('테스트케이스'!$B$2:$B$103,$A10,'테스트케이스'!$N$2:$N$103,"Pass") | G10: =COUNTIFS('테스트케이스'!$B$2:$B$103,$A10,'테스트케이스'!$N$2:$N$103,"Fail") | H10: =COUNTIFS('테스트케이스'!$B$2:$B$103,$A10,'테스트케이스'!$N$2:$N$103,"Blocked") | I10: =B10-F10-G10-H10-COUNTIFS('테스트케이스'!$B$2:$B$103,$A10,'테스트케이스'!$N$2:$N$103,"N/A")
A11: 푸시 메시지 | B11: =COUNTIF('테스트케이스'!$B$2:$B$103,A11) | C11: =COUNTIFS('테스트케이스'!$B$2:$B$103,$A11,'테스트케이스'!$H$2:$H$103,"P1") | D11: =COUNTIFS('테스트케이스'!$B$2:$B$103,$A11,'테스트케이스'!$H$2:$H$103,"P2") | E11: =COUNTIFS('테스트케이스'!$B$2:$B$103,$A11,'테스트케이스'!$H$2:$H$103,"P3") | F11: =COUNTIFS('테스트케이스'!$B$2:$B$103,$A11,'테스트케이스'!$N$2:$N$103,"Pass") | G11: =COUNTIFS('테스트케이스'!$B$2:$B$103,$A11,'테스트케이스'!$N$2:$N$103,"Fail") | H11: =COUNTIFS('테스트케이스'!$B$2:$B$103,$A11,'테스트케이스'!$N$2:$N$103,"Blocked") | I11: =B11-F11-G11-H11-COUNTIFS('테스트케이스'!$B$2:$B$103,$A11,'테스트케이스'!$N$2:$N$103,"N/A")
A12: 다중 발송 | B12: =COUNTIF('테스트케이스'!$B$2:$B$103,A12) | C12: =COUNTIFS('테스트케이스'!$B$2:$B$103,$A12,'테스트케이스'!$H$2:$H$103,"P1") | D12: =COUNTIFS('테스트케이스'!$B$2:$B$103,$A12,'테스트케이스'!$H$2:$H$103,"P2") | E12: =COUNTIFS('테스트케이스'!$B$2:$B$103,$A12,'테스트케이스'!$H$2:$H$103,"P3") | F12: =COUNTIFS('테스트케이스'!$B$2:$B$103,$A12,'테스트케이스'!$N$2:$N$103,"Pass") | G12: =COUNTIFS('테스트케이스'!$B$2:$B$103,$A12,'테스트케이스'!$N$2:$N$103,"Fail") | H12: =COUNTIFS('테스트케이스'!$B$2:$B$103,$A12,'테스트케이스'!$N$2:$N$103,"Blocked") | I12: =B12-F12-G12-H12-COUNTIFS('테스트케이스'!$B$2:$B$103,$A12,'테스트케이스'!$N$2:$N$103,"N/A")
A13: 멱등성·재시도 | B13: =COUNTIF('테스트케이스'!$B$2:$B$103,A13) | C13: =COUNTIFS('테스트케이스'!$B$2:$B$103,$A13,'테스트케이스'!$H$2:$H$103,"P1") | D13: =COUNTIFS('테스트케이스'!$B$2:$B$103,$A13,'테스트케이스'!$H$2:$H$103,"P2") | E13: =COUNTIFS('테스트케이스'!$B$2:$B$103,$A13,'테스트케이스'!$H$2:$H$103,"P3") | F13: =COUNTIFS('테스트케이스'!$B$2:$B$103,$A13,'테스트케이스'!$N$2:$N$103,"Pass") | G13: =COUNTIFS('테스트케이스'!$B$2:$B$103,$A13,'테스트케이스'!$N$2:$N$103,"Fail") | H13: =COUNTIFS('테스트케이스'!$B$2:$B$103,$A13,'테스트케이스'!$N$2:$N$103,"Blocked") | I13: =B13-F13-G13-H13-COUNTIFS('테스트케이스'!$B$2:$B$103,$A13,'테스트케이스'!$N$2:$N$103,"N/A")
A14: 메시지 객체 검증 | B14: =COUNTIF('테스트케이스'!$B$2:$B$103,A14) | C14: =COUNTIFS('테스트케이스'!$B$2:$B$103,$A14,'테스트케이스'!$H$2:$H$103,"P1") | D14: =COUNTIFS('테스트케이스'!$B$2:$B$103,$A14,'테스트케이스'!$H$2:$H$103,"P2") | E14: =COUNTIFS('테스트케이스'!$B$2:$B$103,$A14,'테스트케이스'!$H$2:$H$103,"P3") | F14: =COUNTIFS('테스트케이스'!$B$2:$B$103,$A14,'테스트케이스'!$N$2:$N$103,"Pass") | G14: =COUNTIFS('테스트케이스'!$B$2:$B$103,$A14,'테스트케이스'!$N$2:$N$103,"Fail") | H14: =COUNTIFS('테스트케이스'!$B$2:$B$103,$A14,'테스트케이스'!$N$2:$N$103,"Blocked") | I14: =B14-F14-G14-H14-COUNTIFS('테스트케이스'!$B$2:$B$103,$A14,'테스트케이스'!$N$2:$N$103,"N/A")
A15: 웹훅 수신·서명 | B15: =COUNTIF('테스트케이스'!$B$2:$B$103,A15) | C15: =COUNTIFS('테스트케이스'!$B$2:$B$103,$A15,'테스트케이스'!$H$2:$H$103,"P1") | D15: =COUNTIFS('테스트케이스'!$B$2:$B$103,$A15,'테스트케이스'!$H$2:$H$103,"P2") | E15: =COUNTIFS('테스트케이스'!$B$2:$B$103,$A15,'테스트케이스'!$H$2:$H$103,"P3") | F15: =COUNTIFS('테스트케이스'!$B$2:$B$103,$A15,'테스트케이스'!$N$2:$N$103,"Pass") | G15: =COUNTIFS('테스트케이스'!$B$2:$B$103,$A15,'테스트케이스'!$N$2:$N$103,"Fail") | H15: =COUNTIFS('테스트케이스'!$B$2:$B$103,$A15,'테스트케이스'!$N$2:$N$103,"Blocked") | I15: =B15-F15-G15-H15-COUNTIFS('테스트케이스'!$B$2:$B$103,$A15,'테스트케이스'!$N$2:$N$103,"N/A")
A16: 웹훅 설정·재전송 | B16: =COUNTIF('테스트케이스'!$B$2:$B$103,A16) | C16: =COUNTIFS('테스트케이스'!$B$2:$B$103,$A16,'테스트케이스'!$H$2:$H$103,"P1") | D16: =COUNTIFS('테스트케이스'!$B$2:$B$103,$A16,'테스트케이스'!$H$2:$H$103,"P2") | E16: =COUNTIFS('테스트케이스'!$B$2:$B$103,$A16,'테스트케이스'!$H$2:$H$103,"P3") | F16: =COUNTIFS('테스트케이스'!$B$2:$B$103,$A16,'테스트케이스'!$N$2:$N$103,"Pass") | G16: =COUNTIFS('테스트케이스'!$B$2:$B$103,$A16,'테스트케이스'!$N$2:$N$103,"Fail") | H16: =COUNTIFS('테스트케이스'!$B$2:$B$103,$A16,'테스트케이스'!$N$2:$N$103,"Blocked") | I16: =B16-F16-G16-H16-COUNTIFS('테스트케이스'!$B$2:$B$103,$A16,'테스트케이스'!$N$2:$N$103,"N/A")
A17: 레이트리밋·쿼터 | B17: =COUNTIF('테스트케이스'!$B$2:$B$103,A17) | C17: =COUNTIFS('테스트케이스'!$B$2:$B$103,$A17,'테스트케이스'!$H$2:$H$103,"P1") | D17: =COUNTIFS('테스트케이스'!$B$2:$B$103,$A17,'테스트케이스'!$H$2:$H$103,"P2") | E17: =COUNTIFS('테스트케이스'!$B$2:$B$103,$A17,'테스트케이스'!$H$2:$H$103,"P3") | F17: =COUNTIFS('테스트케이스'!$B$2:$B$103,$A17,'테스트케이스'!$N$2:$N$103,"Pass") | G17: =COUNTIFS('테스트케이스'!$B$2:$B$103,$A17,'테스트케이스'!$N$2:$N$103,"Fail") | H17: =COUNTIFS('테스트케이스'!$B$2:$B$103,$A17,'테스트케이스'!$N$2:$N$103,"Blocked") | I17: =B17-F17-G17-H17-COUNTIFS('테스트케이스'!$B$2:$B$103,$A17,'테스트케이스'!$N$2:$N$103,"N/A")
A18: 조회·페이지네이션 | B18: =COUNTIF('테스트케이스'!$B$2:$B$103,A18) | C18: =COUNTIFS('테스트케이스'!$B$2:$B$103,$A18,'테스트케이스'!$H$2:$H$103,"P1") | D18: =COUNTIFS('테스트케이스'!$B$2:$B$103,$A18,'테스트케이스'!$H$2:$H$103,"P2") | E18: =COUNTIFS('테스트케이스'!$B$2:$B$103,$A18,'테스트케이스'!$H$2:$H$103,"P3") | F18: =COUNTIFS('테스트케이스'!$B$2:$B$103,$A18,'테스트케이스'!$N$2:$N$103,"Pass") | G18: =COUNTIFS('테스트케이스'!$B$2:$B$103,$A18,'테스트케이스'!$N$2:$N$103,"Fail") | H18: =COUNTIFS('테스트케이스'!$B$2:$B$103,$A18,'테스트케이스'!$N$2:$N$103,"Blocked") | I18: =B18-F18-G18-H18-COUNTIFS('테스트케이스'!$B$2:$B$103,$A18,'테스트케이스'!$N$2:$N$103,"N/A")
A19: 보안·운영 | B19: =COUNTIF('테스트케이스'!$B$2:$B$103,A19) | C19: =COUNTIFS('테스트케이스'!$B$2:$B$103,$A19,'테스트케이스'!$H$2:$H$103,"P1") | D19: =COUNTIFS('테스트케이스'!$B$2:$B$103,$A19,'테스트케이스'!$H$2:$H$103,"P2") | E19: =COUNTIFS('테스트케이스'!$B$2:$B$103,$A19,'테스트케이스'!$H$2:$H$103,"P3") | F19: =COUNTIFS('테스트케이스'!$B$2:$B$103,$A19,'테스트케이스'!$N$2:$N$103,"Pass") | G19: =COUNTIFS('테스트케이스'!$B$2:$B$103,$A19,'테스트케이스'!$N$2:$N$103,"Fail") | H19: =COUNTIFS('테스트케이스'!$B$2:$B$103,$A19,'테스트케이스'!$N$2:$N$103,"Blocked") | I19: =B19-F19-G19-H19-COUNTIFS('테스트케이스'!$B$2:$B$103,$A19,'테스트케이스'!$N$2:$N$103,"N/A")
A20: 합계 | B20: =SUM(B8:B19) | C20: =SUM(C8:C19) | D20: =SUM(D8:D19) | E20: =SUM(E8:E19) | F20: =SUM(F8:F19) | G20: =SUM(G8:G19) | H20: =SUM(H8:H19) | I20: =SUM(I8:I19)
A21: 수행률 | B21: =IF(B20=0,0,(F20+G20+H20)/B20) | C21: Pass율 | D21: =IF((F20+G20)=0,0,F20/(F20+G20)) | E21: 수행률 = (Pass+Fail+Blocked)/TC 수, Pass율 = Pass/(Pass+Fail)
A23: 설계 근거별 분포
A24: 설계 근거 | B24: TC 수 | C24: P1 | D24: P2 | E24: P3 | F24: 비율
A25: 요구사항 | B25: =COUNTIF('테스트케이스'!$E$2:$E$103,A25) | C25: =COUNTIFS('테스트케이스'!$E$2:$E$103,$A25,'테스트케이스'!$H$2:$H$103,"P1") | D25: =COUNTIFS('테스트케이스'!$E$2:$E$103,$A25,'테스트케이스'!$H$2:$H$103,"P2") | E25: =COUNTIFS('테스트케이스'!$E$2:$E$103,$A25,'테스트케이스'!$H$2:$H$103,"P3") | F25: =IF($B$20=0,0,B25/$B$20)
A26: 리스크 기반 | B26: =COUNTIF('테스트케이스'!$E$2:$E$103,A26) | C26: =COUNTIFS('테스트케이스'!$E$2:$E$103,$A26,'테스트케이스'!$H$2:$H$103,"P1") | D26: =COUNTIFS('테스트케이스'!$E$2:$E$103,$A26,'테스트케이스'!$H$2:$H$103,"P2") | E26: =COUNTIFS('테스트케이스'!$E$2:$E$103,$A26,'테스트케이스'!$H$2:$H$103,"P3") | F26: =IF($B$20=0,0,B26/$B$20)
A27: 추가 검증 | B27: =COUNTIF('테스트케이스'!$E$2:$E$103,A27) | C27: =COUNTIFS('테스트케이스'!$E$2:$E$103,$A27,'테스트케이스'!$H$2:$H$103,"P1") | D27: =COUNTIFS('테스트케이스'!$E$2:$E$103,$A27,'테스트케이스'!$H$2:$H$103,"P2") | E27: =COUNTIFS('테스트케이스'!$E$2:$E$103,$A27,'테스트케이스'!$H$2:$H$103,"P3") | F27: =IF($B$20=0,0,B27/$B$20)
A29: 실행 구분별 결과
A30: 실행 구분 | B30: 대상 TC | C30: Pass | D30: Fail | E30: Blocked | F30: 미수행
A31: 무발송 | B31: =COUNTIF('테스트케이스'!$F$2:$F$103,A31) | C31: =COUNTIFS('테스트케이스'!$F$2:$F$103,$A31,'테스트케이스'!$N$2:$N$103,"Pass") | D31: =COUNTIFS('테스트케이스'!$F$2:$F$103,$A31,'테스트케이스'!$N$2:$N$103,"Fail") | E31: =COUNTIFS('테스트케이스'!$F$2:$F$103,$A31,'테스트케이스'!$N$2:$N$103,"Blocked") | F31: =B31-C31-D31-E31-COUNTIFS('테스트케이스'!$F$2:$F$103,$A31,'테스트케이스'!$N$2:$N$103,"N/A")
A32: 발송 | B32: =COUNTIF('테스트케이스'!$F$2:$F$103,A32) | C32: =COUNTIFS('테스트케이스'!$F$2:$F$103,$A32,'테스트케이스'!$N$2:$N$103,"Pass") | D32: =COUNTIFS('테스트케이스'!$F$2:$F$103,$A32,'테스트케이스'!$N$2:$N$103,"Fail") | E32: =COUNTIFS('테스트케이스'!$F$2:$F$103,$A32,'테스트케이스'!$N$2:$N$103,"Blocked") | F32: =B32-C32-D32-E32-COUNTIFS('테스트케이스'!$F$2:$F$103,$A32,'테스트케이스'!$N$2:$N$103,"N/A")
A33: 장기·한도 | B33: =COUNTIF('테스트케이스'!$F$2:$F$103,A33) | C33: =COUNTIFS('테스트케이스'!$F$2:$F$103,$A33,'테스트케이스'!$N$2:$N$103,"Pass") | D33: =COUNTIFS('테스트케이스'!$F$2:$F$103,$A33,'테스트케이스'!$N$2:$N$103,"Fail") | E33: =COUNTIFS('테스트케이스'!$F$2:$F$103,$A33,'테스트케이스'!$N$2:$N$103,"Blocked") | F33: =B33-C33-D33-E33-COUNTIFS('테스트케이스'!$F$2:$F$103,$A33,'테스트케이스'!$N$2:$N$103,"N/A")
A35: 자동화 구분별 분포(테스트 피라미드)
A36: 자동화 구분 | B36: TC 수 | C36: P1 | D36: P2 | E36: P3 | F36: 비율
A37: API | B37: =COUNTIF('테스트케이스'!$G$2:$G$103,A37) | C37: =COUNTIFS('테스트케이스'!$G$2:$G$103,$A37,'테스트케이스'!$H$2:$H$103,"P1") | D37: =COUNTIFS('테스트케이스'!$G$2:$G$103,$A37,'테스트케이스'!$H$2:$H$103,"P2") | E37: =COUNTIFS('테스트케이스'!$G$2:$G$103,$A37,'테스트케이스'!$H$2:$H$103,"P3") | F37: =IF($B$20=0,0,B37/$B$20)
A38: UI | B38: =COUNTIF('테스트케이스'!$G$2:$G$103,A38) | C38: =COUNTIFS('테스트케이스'!$G$2:$G$103,$A38,'테스트케이스'!$H$2:$H$103,"P1") | D38: =COUNTIFS('테스트케이스'!$G$2:$G$103,$A38,'테스트케이스'!$H$2:$H$103,"P2") | E38: =COUNTIFS('테스트케이스'!$G$2:$G$103,$A38,'테스트케이스'!$H$2:$H$103,"P3") | F38: =IF($B$20=0,0,B38/$B$20)
A39: 수동 | B39: =COUNTIF('테스트케이스'!$G$2:$G$103,A39) | C39: =COUNTIFS('테스트케이스'!$G$2:$G$103,$A39,'테스트케이스'!$H$2:$H$103,"P1") | D39: =COUNTIFS('테스트케이스'!$G$2:$G$103,$A39,'테스트케이스'!$H$2:$H$103,"P2") | E39: =COUNTIFS('테스트케이스'!$G$2:$G$103,$A39,'테스트케이스'!$H$2:$H$103,"P3") | F39: =IF($B$20=0,0,B39/$B$20)
A40: ※ API: pytest+httpx로 플랫폼·모의 서버 응답을 코드로 검증 / UI: LINE 앱 도달·표시, Developers Console 확인 필요 / 수동: 시간 경과·운영 통제·코드 리뷰. 상세는 계획서 8장
A42: 요구사항 커버리지
A43: 요구사항 ID | B43: 연결 TC 수 | C43: 요구사항 기반 | D43: Pass | E43: Fail | J43: 요구사항
A44: REQ-01 | B44: =COUNTIF('테스트케이스'!$D$2:$D$103,"*"&A44&"*") | C44: =COUNTIFS('테스트케이스'!$D$2:$D$103,"*"&A44&"*",'테스트케이스'!$E$2:$E$103,"요구사항") | D44: =COUNTIFS('테스트케이스'!$D$2:$D$103,"*"&A44&"*",'테스트케이스'!$N$2:$N$103,"Pass") | E44: =COUNTIFS('테스트케이스'!$D$2:$D$103,"*"&A44&"*",'테스트케이스'!$N$2:$N$103,"Fail") | J44: 모든 Messaging API 엔드포인트는 Authorization: Bearer {channel access token} 헤더가 필수이며, 유효한 토큰이 없으면 401 Unauthorized를 반환한다. 권한이 없는 리소스는 403 Forbidden이다.
A45: REQ-02 | B45: =COUNTIF('테스트케이스'!$D$2:$D$103,"*"&A45&"*") | C45: =COUNTIFS('테스트케이스'!$D$2:$D$103,"*"&A45&"*",'테스트케이스'!$E$2:$E$103,"요구사항") | D45: =COUNTIFS('테스트케이스'!$D$2:$D$103,"*"&A45&"*",'테스트케이스'!$N$2:$N$103,"Pass") | E45: =COUNTIFS('테스트케이스'!$D$2:$D$103,"*"&A45&"*",'테스트케이스'!$N$2:$N$103,"Fail") | J45: 채널 액세스 토큰은 4종이다. v2.1(사용자 지정 만료, 최대 30일, 채널당 30개, 초과 발급 요청은 거부), stateless(15분, 발급 수 무제한, 폐기 불가), short-lived(30일, 30개, 초과 시 가장 오래된 토큰 폐기), long-lived(무기한, 1개, 재발급 시 기존 토큰 무효). 만료된 토큰은 발급 수에 포함되지 않는다.
A46: REQ-03 | B46: =COUNTIF('테스트케이스'!$D$2:$D$103,"*"&A46&"*") | C46: =COUNTIFS('테스트케이스'!$D$2:$D$103,"*"&A46&"*",'테스트케이스'!$E$2:$E$103,"요구사항") | D46: =COUNTIFS('테스트케이스'!$D$2:$D$103,"*"&A46&"*",'테스트케이스'!$N$2:$N$103,"Pass") | E46: =COUNTIFS('테스트케이스'!$D$2:$D$103,"*"&A46&"*",'테스트케이스'!$N$2:$N$103,"Fail") | J46: stateless 토큰은 POST /oauth2/v3/token에 grant_type=client_credentials와 client_id·client_secret 또는 JWT assertion(생성 후 30분 내 만료)으로 발급하며 응답은 token_type/access_token/expires_in이다. 잘못된 채널 ID·secret·JWT → 400, 미등록 서명 키 → 404. v2.1 검증(GET /oauth2/v2.1/verify)은 만료·형식 오류·미존재 토큰에 400을 반환하고, 폐기(revoke)된 토큰은 더 이상 사용할 수 없다.
A47: REQ-04 | B47: =COUNTIF('테스트케이스'!$D$2:$D$103,"*"&A47&"*") | C47: =COUNTIFS('테스트케이스'!$D$2:$D$103,"*"&A47&"*",'테스트케이스'!$E$2:$E$103,"요구사항") | D47: =COUNTIFS('테스트케이스'!$D$2:$D$103,"*"&A47&"*",'테스트케이스'!$N$2:$N$103,"Pass") | E47: =COUNTIFS('테스트케이스'!$D$2:$D$103,"*"&A47&"*",'테스트케이스'!$N$2:$N$103,"Fail") | J47: HTTP 상태 코드는 RFC 7231을 따르며 200 성공, 400 요청 문제, 401 토큰 무효, 403 권한 없음, 404 리소스 없음(프로필 미조회 포함), 409 동일 리트라이 키 수락됨, 410 더 이상 사용 불가, 413 요청 2MB 초과, 415 미지원 미디어 타입, 429 레이트리밋·월 한도 초과, 500 내부 오류로 정의된다.
A48: REQ-05 | B48: =COUNTIF('테스트케이스'!$D$2:$D$103,"*"&A48&"*") | C48: =COUNTIFS('테스트케이스'!$D$2:$D$103,"*"&A48&"*",'테스트케이스'!$E$2:$E$103,"요구사항") | D48: =COUNTIFS('테스트케이스'!$D$2:$D$103,"*"&A48&"*",'테스트케이스'!$N$2:$N$103,"Pass") | E48: =COUNTIFS('테스트케이스'!$D$2:$D$103,"*"&A48&"*",'테스트케이스'!$N$2:$N$103,"Fail") | J48: 오류 응답 본문은 message(필수)와 details[](조건부; 각 항목 message·property)로 구성된다. 'The request body has X error(s)', 'Invalid reply token', 'The request body could not be parsed as JSON (line, column)', 'The content type, XXX, is not supported', 'Authentication failed due to the following reason: XXX', 'The API rate limit has been exceeded. Try again later.', 'You have reached your monthly limit.', 'Not found' 등이 정의된 메시지다. 모든 응답에 X-Line-Request-Id가 포함되고, 리트라이 키로 이미 수락된 요청에는 X-Line-Accepted-Request-Id가 추가된다.
A49: REQ-06 | B49: =COUNTIF('테스트케이스'!$D$2:$D$103,"*"&A49&"*") | C49: =COUNTIFS('테스트케이스'!$D$2:$D$103,"*"&A49&"*",'테스트케이스'!$E$2:$E$103,"요구사항") | D49: =COUNTIFS('테스트케이스'!$D$2:$D$103,"*"&A49&"*",'테스트케이스'!$N$2:$N$103,"Pass") | E49: =COUNTIFS('테스트케이스'!$D$2:$D$103,"*"&A49&"*",'테스트케이스'!$N$2:$N$103,"Fail") | J49: 응답 메시지(POST /v2/bot/message/reply)는 웹훅으로 받은 replyToken으로 보내며 토큰은 1회만, 웹훅 수신 후 1분 이내에 사용해야 한다(초과 시 동작 보장 안 됨). 재전송 웹훅의 토큰은 원본 토큰이 미사용이고 이벤트 발생 20분 이내일 때만 유효하다. messages는 최대 5개. 무효·만료·사용된 토큰은 400 'Invalid reply token'. 성공 시 sentMessages[].id(조건부 quoteToken)를 반환하고, 오류 시 메시지는 발송되지 않는다.
A50: REQ-07 | B50: =COUNTIF('테스트케이스'!$D$2:$D$103,"*"&A50&"*") | C50: =COUNTIFS('테스트케이스'!$D$2:$D$103,"*"&A50&"*",'테스트케이스'!$E$2:$E$103,"요구사항") | D50: =COUNTIFS('테스트케이스'!$D$2:$D$103,"*"&A50&"*",'테스트케이스'!$N$2:$N$103,"Pass") | E50: =COUNTIFS('테스트케이스'!$D$2:$D$103,"*"&A50&"*",'테스트케이스'!$N$2:$N$103,"Fail") | J50: 푸시 메시지(POST /v2/bot/message/push)는 to(userId/groupId/roomId 1개), messages(최대 5개), notificationDisabled(기본 false), customAggregationUnits(최대 1개·30자·[a-zA-Z0-9_]), X-Line-Retry-Key(선택)를 받는다. 타 프로바이더 채널의 userId, 미참여 그룹·룸, 무효 메시지 객체, 무효 유닛명은 400. 계정 삭제·차단·미친구 사용자에게는 200이 반환되지만 미도달이며, 미친구라도 7일 내 1:1 메시지를 보낸 사용자에게는 발송 가능하다.
A51: REQ-08 | B51: =COUNTIF('테스트케이스'!$D$2:$D$103,"*"&A51&"*") | C51: =COUNTIFS('테스트케이스'!$D$2:$D$103,"*"&A51&"*",'테스트케이스'!$E$2:$E$103,"요구사항") | D51: =COUNTIFS('테스트케이스'!$D$2:$D$103,"*"&A51&"*",'테스트케이스'!$N$2:$N$103,"Pass") | E51: =COUNTIFS('테스트케이스'!$D$2:$D$103,"*"&A51&"*",'테스트케이스'!$N$2:$N$103,"Fail") | J51: 멀티캐스트(POST /v2/bot/message/multicast)는 to에 userId 배열 최대 500개(그룹·룸 불가), messages 최대 5개를 받고 200과 빈 객체를 반환한다. 오류 시 누구에게도 발송되지 않는다. 삭제·차단·미친구·타채널 ID는 200이지만 미도달. 레이트리밋 200 req/s.
A52: REQ-09 | B52: =COUNTIF('테스트케이스'!$D$2:$D$103,"*"&A52&"*") | C52: =COUNTIFS('테스트케이스'!$D$2:$D$103,"*"&A52&"*",'테스트케이스'!$E$2:$E$103,"요구사항") | D52: =COUNTIFS('테스트케이스'!$D$2:$D$103,"*"&A52&"*",'테스트케이스'!$N$2:$N$103,"Pass") | E52: =COUNTIFS('테스트케이스'!$D$2:$D$103,"*"&A52&"*",'테스트케이스'!$N$2:$N$103,"Fail") | J52: 브로드캐스트(POST /v2/bot/message/broadcast)는 모든 친구에게 발송하며 messages 최대 5개, 레이트리밋 60 req/h, 응답 200 빈 객체. 무효 메시지 객체 400, 동일 리트라이 키 409, 한도 초과 429.
A53: REQ-10 | B53: =COUNTIF('테스트케이스'!$D$2:$D$103,"*"&A53&"*") | C53: =COUNTIFS('테스트케이스'!$D$2:$D$103,"*"&A53&"*",'테스트케이스'!$E$2:$E$103,"요구사항") | D53: =COUNTIFS('테스트케이스'!$D$2:$D$103,"*"&A53&"*",'테스트케이스'!$N$2:$N$103,"Pass") | E53: =COUNTIFS('테스트케이스'!$D$2:$D$103,"*"&A53&"*",'테스트케이스'!$N$2:$N$103,"Fail") | J53: 내로우캐스트(POST /v2/bot/message/narrowcast)는 비동기로 202를 반환한다. 속성 조건 사용 시 타깃 리치 100명 미만이면 403, 최종 수신자 50명 미만이면 202 후 발송 단계에서 실패한다. 상태는 GET /v2/bot/message/progress/narrowcast?requestId=로 조회하며 phase는 waiting/sending/succeeded/failed, 실패 시 failedDescription·errorCode(1 내부 오류, 2 수신자 부족, 3 리트라이 충돌, 4 50명 미만 오디언스, 5 부분 발송 금지로 취소). acceptedTime 기준 14일(336시간) 경과 후 404, 무효 requestId 400, 내로우캐스트가 아닌 requestId 404. limit 객체(max/upToRemainingQuota/forbidPartialDelivery)로 발송 수를 제한한다.
A54: REQ-11 | B54: =COUNTIF('테스트케이스'!$D$2:$D$103,"*"&A54&"*") | C54: =COUNTIFS('테스트케이스'!$D$2:$D$103,"*"&A54&"*",'테스트케이스'!$E$2:$E$103,"요구사항") | D54: =COUNTIFS('테스트케이스'!$D$2:$D$103,"*"&A54&"*",'테스트케이스'!$N$2:$N$103,"Pass") | E54: =COUNTIFS('테스트케이스'!$D$2:$D$103,"*"&A54&"*",'테스트케이스'!$N$2:$N$103,"Fail") | J54: X-Line-Retry-Key(16진수 UUID)는 push/multicast/narrowcast/broadcast에서 지원된다. 같은 키의 요청이 이미 수락됐으면 24시간 내 재요청은 409와 X-Line-Accepted-Request-Id(원 요청 ID), message 'The retry key is already accepted'를 반환하며 push는 원 요청과 같은 sentMessages를 포함한다. 24시간이 지나면 같은 키도 신규 요청으로 처리돼 중복 발송된다. 미지원 엔드포인트에 키를 지정하면 400. 재시도 판단: 500·타임아웃만 재시도, 2xx·409·4xx는 재시도 금지. 재시도도 레이트리밋에 1회로 집계되며 지수 백오프를 권장한다. 키 없이 보낸 첫 요청은 재시도할 수 없다.
A55: REQ-12 | B55: =COUNTIF('테스트케이스'!$D$2:$D$103,"*"&A55&"*") | C55: =COUNTIFS('테스트케이스'!$D$2:$D$103,"*"&A55&"*",'테스트케이스'!$E$2:$E$103,"요구사항") | D55: =COUNTIFS('테스트케이스'!$D$2:$D$103,"*"&A55&"*",'테스트케이스'!$N$2:$N$103,"Pass") | E55: =COUNTIFS('테스트케이스'!$D$2:$D$103,"*"&A55&"*",'테스트케이스'!$N$2:$N$103,"Fail") | J55: messages 배열은 1~5개의 메시지 객체다. 텍스트 메시지 text는 최대 5000자이며 UTF-16 코드 유닛 단위로 센다(서로게이트 쌍 이모지는 2자, LINE 이모지 $는 대체 텍스트로 치환 후 계산). emojis 최대 20개, index가 $ 위치와 다르면 400. quickReply.items 최대 13개. sender.name 최대 20자('LINE' 등 금지어), sender.iconUrl은 HTTPS·PNG·1:1·1MB 이하·2000자. 빈 text는 400 'May not be empty', 미정의 type은 400. validate 엔드포인트(POST /v2/bot/message/validate/{reply|push|multicast|narrowcast|broadcast})로 발송 없이 같은 검증을 받을 수 있다(정상 200 빈 객체).
... A65: REQ-22 | B65: =COUNTIF('테스트케이스'!$D$2:$D$103,"*"&A65&"*") | C65: =COUNTIFS('테스트케이스'!$D$2:$D$103,"*"&A65&"*",'테스트케이스'!$E$2:$E$103,"요구사항") | D65: =COUNTIFS('테스트케이스'!$D$2:$D$103,"*"&A65&"*",'테스트케이스'!$N$2:$N$103,"Pass") | E65: =COUNTIFS('테스트케이스'!$D$2:$D$103,"*"&A65&"*",'테스트케이스'!$N$2:$N$103,"Fail") | J65: 비파괴 변경 원칙: 신규 엔드포인트, 요청의 선택 파라미터·필드·헤더 추가, 응답 필드·헤더 추가, 웹훅 이벤트 속성 추가, 속성 순서 변경, 열거값 추가, 공백·줄바꿈 변화는 사전 고지 없이 이루어질 수 있다. 봇서버는 미지의 필드·이벤트 타입·열거값을 무시하고 정상 동작해야 하며, 요청·웹훅 로그(request id, 시각, 메서드, 경로, 상태 코드, 서명)를 보관해야 한다.
A67: 질의사항 영향
A68: 질의 ID | B68: 영향 TC 수 | J68: 질의
A69: Q01 | B69: =COUNTIF('테스트케이스'!$M$2:$M$103,"*"&A69&"*") | J69: 리트라이 키 형식 검증 범위: UUID 형식이 아닌 문자열('abc'), 대문자 UUID, 중괄호 포함 UUID, 빈 문자열을 X-Line-Retry-Key에 넣었을 때 400인지 그대로 수락되는지, 수락되면 멱등 키로 동작하는지
A70: Q02 | B70: =COUNTIF('테스트케이스'!$M$2:$M$103,"*"&A70&"*") | J70: 같은 리트라이 키로 본문(수신자·메시지 내용)을 바꿔 재요청하면 409(키 기준 차단)인지 신규 처리인지. 문서는 '예상대로 동작하지 않을 수 있음'만 명시
A71: Q03 | B71: =COUNTIF('테스트케이스'!$M$2:$M$103,"*"&A71&"*") | J71: multicast to 배열 경계: 빈 배열, 같은 userId 중복, 유효 ID와 타채널 ID 혼합일 때 400인지 부분 발송인지, 중복이 500 한도 계산에 포함되는지
A72: Q04 | B72: =COUNTIF('테스트케이스'!$M$2:$M$103,"*"&A72&"*") | J72: messages 배열 경계의 오류 표기: 빈 배열([])과 6개 초과 시 message·details[].property 값(messages 인지 messages[5] 인지), 5개 중 1개만 무효일 때 property 인덱스 표기
A73: Q05 | B73: =COUNTIF('테스트케이스'!$M$2:$M$103,"*"&A73&"*") | J73: Authorization 헤더 변형 처리: 스킴 소문자('bearer'), 공백 2개, 스킴 없이 토큰만, 빈 토큰, 헤더 자체 누락일 때 모두 401인지, message가 'Authentication failed due to the following reason: XXX' 형식인지
A74: Q06 | B74: =COUNTIF('테스트케이스'!$M$2:$M$103,"*"&A74&"*") | J74: Content-Type 처리: 헤더 누락, text/plain으로 JSON 전송, application/json; charset=utf-8, multipart일 때 400/415 중 무엇이고 'The content type, XXX, is not supported' 메시지가 나오는지
A75: Q07 | B75: =COUNTIF('테스트케이스'!$M$2:$M$103,"*"&A75&"*") | J75: reply token 만료 경계: 수신 후 59초/60초/61초/20분 시점의 실제 거부 여부와 오류 message. 문서는 '1분 이후 동작 보장 안 됨'으로 비결정을 명시하고 '시간 제한에 의존하지 말 것'을 권고
A76: Q08 | B76: =COUNTIF('테스트케이스'!$M$2:$M$103,"*"&A76&"*") | J76: 429 응답의 세부: Retry-After 헤더 포함 여부, 본문 details 유무, 토큰 버킷 보충 속도(초당 몇 건 회복), 월 한도 429와 레이트리밋 429의 message 외 구분자
A77: Q09 | B77: =COUNTIF('테스트케이스'!$M$2:$M$103,"*"&A77&"*") | J77: 웹훅 재전송의 횟수·간격(비공개)과 봇서버 응답 타임아웃 기준 초. 타임아웃으로 간주되는 지연 시간과 재전송 종료 후 콘솔 통계 반영 시점
A78: Q10 | B78: =COUNTIF('테스트케이스'!$M$2:$M$103,"*"&A78&"*") | J78: followers/ids의 limit 범위 외 값(0, 음수, 1001, 문자열)과 start에 임의 문자열 지정 시 400인지 기본값·최대값으로 보정되는지, 오류 property 값
A79: Q11 | B79: =COUNTIF('테스트케이스'!$M$2:$M$103,"*"&A79&"*") | J79: text 길이 경계의 오류 표기: 5001자(UTF-16 유닛) 초과 시 details[].property·message, LINE 이모지 대체 텍스트 치환 후 길이가 5000을 넘는 경우의 처리, 4999자 + 서로게이트 이모지 1개(=5001유닛)의 판정
A80: Q12 | B80: =COUNTIF('테스트케이스'!$M$2:$M$103,"*"&A80&"*") | J80: 선택 파라미터 타입·조합 검증: notificationDisabled에 문자열 'true'/숫자 1, customAggregationUnits에 빈 배열·2개, to에 groupId + customAggregationUnits 조합일 때 400인지 무시되는지
A81: Q13 | B81: =COUNTIF('테스트케이스'!$M$2:$M$103,"*"&A81&"*") | J81: webhook test 엔드포인트의 endpoint 파라미터에 http://(비HTTPS), 501자 URL, 해석 불가 도메인, 포트 포함 URL을 지정했을 때의 상태 코드(400 vs 200+success=false)와 reason 값
A82: ※ 질의 TC는 '현재 동작 기록'이 수행 조건이며, 확인 결과는 '질의사항' 시트에 기록

Sheet 테스트케이스
A1: TC ID | B1: 대분류 | C1: 중분류 | D1: 요구사항 ID | E1: 설계 근거 | F1: 실행 구분 | G1: 자동화 구분 | H1: 우선순위 | I1: 사전 조건 | J1: 테스트 절차 | K1: 테스트 데이터 | L1: 기대 결과 | M1: 관련 질의 | N1: 결과 | O1: 실측·메모 | P1: 결함 ID | Q1: 수행일 | R1: 수행자 | S1: 증적(요청·응답 로그) | T1: 비고
A2: TC-AUTH-001 | B2: 인증·토큰 | C2: stateless 발급 | D2: REQ-02, REQ-03 | E2: 요구사항 | F2: 무발송 | G2: API | H2: P1 | I2: 테스트 채널 CH1의 채널 ID·채널 secret 확보 | J2: 1. POST https://api.line.me/oauth2/v3/token, Content-Type: application/x-www-form-urlencoded 2. grant_type=client_credentials, client_id={채널 ID}, client_secret={secret} 전송 3. 응답 본문·헤더 확인 4. 발급된 토큰으로 GET /v2/bot/info 호출 | K2: CH1 자격 증명 | L2: 1. 200, 본문에 token_type='Bearer', access_token(문자열), expires_in=900(15분)이 있다 2. X-Line-Request-Id 헤더가 있다 3. 발급 토큰으로 GET /v2/bot/info가 200을 반환한다
A3: TC-AUTH-002 | B3: 인증·토큰 | C3: stateless 발급 실패 | D3: REQ-03, REQ-05 | E3: 요구사항 | F3: 무발송 | G3: API | H3: P1 | I3: CH1 채널 ID 확보 | J3: 1. client_secret을 마지막 1자만 바꾼 값으로 POST /oauth2/v3/token 2. client_id를 존재하지 않는 숫자로 바꿔 재요청 3. grant_type을 'password'로 바꿔 재요청 4. 각 응답의 상태 코드·본문 기록 | K3: 잘못된 secret / 무효 채널 ID / 미지원 grant_type | L3: 1~3. 모두 400이며 본문에 오류를 설명하는 message가 있다(access_token 미포함) 4. 오류 본문에 채널 secret 값이 그대로 노출되지 않는다
A4: TC-AUTH-003 | B4: 인증·토큰 | C4: v2.1 발급(JWT) | D4: REQ-02, REQ-03 | E4: 요구사항 | F4: 무발송 | G4: API | H4: P2 | I4: CH1에 assertion 서명 키(JWK) 등록, 개인 키 보관 | J4: 1. 만료 30분 이내의 JWT assertion 생성(token_exp=3600 지정) 2. POST /oauth2/v2.1/token, grant_type=client_credentials, client_assertion_type=urn:ietf:params:oauth:client-assertion-type:jwt-bearer, client_assertion={JWT} 3. 응답 확인 4. GET /oauth2/v2.1/verify?access_token={발급 토큰} 호출 | K4: JWT(만료 30분 내), token_exp 3600 | L4: 1. 200, access_token·expires_in(≈3600)·token_type='Bearer'·key_id 반환 2. verify가 200으로 client_id(=채널 ID), expires_in(≤3600)을 반환한다
A5: TC-AUTH-004 | B5: 인증·토큰 | C5: v2.1 발급 실패 | D5: REQ-03 | E5: 요구사항 | F5: 무발송 | G5: API | H5: P2 | I5: TC-AUTH-003과 동일 | J5: 1. exp가 생성 시각 + 31분인 JWT로 발급 요청 2. 등록되지 않은 키로 서명한 JWT로 발급 요청 3. 서명 부분을 1바이트 바꾼 JWT로 발급 요청 | K5: 만료 초과 JWT / 미등록 키 JWT / 서명 변조 JWT | L5: 1. 400(JWT assertion 만료) 2. 404(채널에 미등록 서명 키) 3. 400(JWT 검증 실패) 각 본문에 message가 있다
A6: TC-AUTH-005 | B6: 인증·토큰 | C6: v2.1 발급 한도 | D6: REQ-02, REQ-03 | E6: 요구사항 | F6: 장기·한도 | G6: 수동 | H6: P2 | I6: CH1에 유효한 v2.1 토큰이 0개(기존 토큰은 revoke) | J6: 1. token_exp=86400(1일)으로 v2.1 토큰을 30개 발급 2. 31번째 발급 요청 3. GET /oauth2/v2.1/tokens/kid로 유효 key_id 목록 조회 4. 1개를 revoke 후 다시 발급 요청 | K6: JWT 31개(각각 새 jti) | L6: 1. 30개 모두 200 2. 31번째는 400(발급 가능 수 초과 message) 3. key_id 30개가 조회된다 4. revoke 후 발급은 200(만료·폐기 토큰은 집계 제외)
A7: TC-AUTH-006 | B7: 인증·토큰 | C7: 토큰 폐기 | D7: REQ-02, REQ-03, REQ-01 | E7: 요구사항 | F7: 무발송 | G7: API | H7: P1 | I7: v2.1 토큰 T3 발급 완료 | J7: 1. T3로 GET /v2/bot/info → 200 확인 2. POST /oauth2/v2.1/revoke (client_id, client_secret, access_token=T3) 3. 즉시 T3로 GET /v2/bot/info 재호출 4. GET /oauth2/v2.1/verify?access_token=T3 | K7: T3 | L7: 2. 200 3. 401(폐기 직후부터 사용 불가) 4. 400(미존재·폐기 토큰)
A8: TC-AUTH-007 | B8: 인증·토큰 | C8: stateless 폐기 불가 | D8: REQ-02 | E8: 요구사항 | F8: 무발송 | G8: API | H8: P3 | I8: stateless 토큰 T2 발급 | J8: 1. POST /oauth2/v2.1/revoke에 access_token=T2로 요청 2. POST /v2/oauth/revoke(short/long-lived용)에 T2로 요청 3. 각 응답 후 T2로 GET /v2/bot/info | K8: T2 | L8: 1~2. 폐기가 거부되거나(4xx) 무시된다 — 상태 코드·message 기록 3. T2는 15분 만료 전까지 계속 200(문서: stateless 토큰은 폐기 불가)
A9: TC-AUTH-008 | B9: 인증·토큰 | C9: 만료 토큰 | D9: REQ-01, REQ-02, REQ-03 | E9: 요구사항 | F9: 장기·한도 | G9: 수동 | H9: P1 | I9: stateless 토큰 T2를 발급하고 발급 시각 기록 | J9: 1. 발급 14분 50초 시점에 GET /v2/bot/info 2. 발급 15분 10초 시점에 같은 호출 3. 응답 상태·message 기록 | K9: T2, 타이머 | L9: 1. 200 2. 401, message에 인증 실패 사유('Authentication failed due to the following reason: …')가 있다 3. 만료 전후 경계(±10초)에서 동작이 전환된다
A10: TC-AUTH-009 | B10: 인증·토큰 | C10: Authorization 헤더 변형 | D10: REQ-01, REQ-05 | E10: 리스크 기반 | F10: 무발송 | G10: API | H10: P1 | I10: 유효 long-lived 토큰 T1 | J10: 1. Authorization 헤더 없이 GET /v2/bot/info 2. 'Bearer ' 뒤 빈 문자열 3. 'bearer {T1}'(소문자 스킴) 4. 'Bearer {T1}'(공백 2개) 5. '{T1}'(스킴 없음) 6. 'Bearer {T1 마지막 1자 변경}' 7. 'Basic {base64}' | K10: T1 변형 7종 | L10: 1~2, 5~7. 401이며 본문 message가 있고 토큰 값이 에코되지 않는다 3~4. 현재 동작 기록(Q05 회신 후 확정). 모든 401 응답에 X-Line-Request-Id가 있다 | M10: Q05
A11: TC-CMN-001 | B11: 공통 계약 | C11: 성공 응답 스키마 | D11: REQ-04, REQ-05 | E11: 요구사항 | F11: 무발송 | G11: API | H11: P1 | I11: T1 유효 | J11: 1. GET /v2/bot/info 호출 2. 응답 헤더·본문을 JSON 스키마(userId, basicId, displayName, chatMode, markAsReadMode; premiumId·pictureUrl 선택)로 검증 3. 같은 호출 3회 반복해 X-Line-Request-Id 비교 | K11: T1 | L11: 1. 200, Content-Type이 application/json 2. 필수 필드 존재·타입 일치, 선택 필드는 없어도 통과(비파괴 추가 허용) 3. 요청마다 다른 X-Line-Request-Id(UUID 형식)가 발급된다
A12: TC-CMN-002 | B12: 공통 계약 | C12: 오류 응답 스키마 | D12: REQ-05, REQ-12 | E12: 요구사항 | F12: 무발송 | G12: API | H12: P1 | I12: T1 유효 | J12: 1. POST /v2/bot/message/validate/push에 messages=[{type:'text', text:''}, {type:'unknown'}] 전송 2. 본문을 오류 스키마(message: string 필수, details: [{message, property}] 조건부)로 검증 3. details 각 항목의 property가 요청 JSON 경로(messages[0].text, messages[1].type)를 가리키는지 확인 | K12: 무효 메시지 2건 | L12: 1. 400 2. message='The request body has 2 error(s)' 형식, details 2개 3. details[0].property='messages[0].text', message='May not be empty'; details[1].property='messages[1].type', message에 허용 type 목록이 있다
A13: TC-CMN-003 | B13: 공통 계약 | C13: JSON 파싱 오류 | D13: REQ-04, REQ-05 | E13: 요구사항 | F13: 무발송 | G13: API | H13: P2 | I13: T1 유효 | J13: 1. POST /v2/bot/message/validate/push에 본문 '{"messages": [' (닫히지 않은 JSON) 2. 본문 '' (빈 문자열) 3. 본문 'messages=text' (폼 형식) | K13: 깨진 JSON 3종 | L13: 1. 400, message가 'The request body could not be parsed as JSON (line: X, column: Y)' 형식 2~3. 400이며 message가 있다. 500이 나오면 결함
A14: TC-CMN-004 | B14: 공통 계약 | C14: Content-Type 변형 | D14: REQ-04, REQ-05 | E14: 요구사항 | F14: 무발송 | G14: API | H14: P2 | I14: T1 유효, 유효 텍스트 메시지 본문 | J14: 1. Content-Type 헤더 없이 validate/push 전송 2. Content-Type: text/plain 3. Content-Type: application/json; charset=utf-8 4. Content-Type: multipart/form-data | K14: 유효 본문 + Content-Type 4종 | L14: 3. 200(charset 파라미터 허용 기대) 1, 2, 4. 400 또는 415이며 message가 'The content type, XXX, is not supported' 형식인지 기록(Q06 회신 후 확정) | M14: Q06
A15: TC-CMN-005 | B15: 공통 계약 | C15: 요청 크기 상한 | D15: REQ-04 | E15: 리스크 기반 | F15: 무발송 | G15: API | H15: P2 | I15: T1 유효 | J15: 1. 약 1.9MB의 Flex 메시지 본문(긴 텍스트 컴포넌트 반복)으로 validate/push 2. 약 2.1MB 본문으로 validate/push 3. 응답 시간·상태 기록 | K15: 본문 1.9MB / 2.1MB | L15: 1. 400 또는 200(메시지 객체 자체 제한에 따름) — 413이 아니어야 한다 2. 413 Payload Too Large 두 경우 모두 연결이 끊기지 않고 JSON 오류 본문이 온다
A16: TC-CMN-006 | B16: 공통 계약 | C16: 경로·메서드 정확성 | D16: REQ-21, REQ-04 | E16: 추가 검증 | F16: 무발송 | G16: API | H16: P3 | I16: T1 유효 | J16: 1. GET /v2/bot/info/ (끝 슬래시) 2. GET /v2/bot/Info (대문자) 3. POST /v2/bot/info (메서드 불일치) 4. GET /v2/bot/message/push (메서드 불일치) | K16: 경로·메서드 변형 | L16: 1. 문서상 동작 보장 안 됨 — 결과 기록(404 예상) 2. 404 3~4. 404 또는 405이며 500이 아니다
A17: TC-CMN-007 | B17: 공통 계약 | C17: 미지 필드 무시 | D17: REQ-22 | E17: 요구사항 | F17: 무발송 | G17: API | H17: P2 | I17: T1 유효 | J17: 1. validate/push 본문에 정의되지 않은 최상위 필드 'extra': 1 추가 2. 메시지 객체에 정의되지 않은 필드 'foo': 'bar' 추가 3. 각각 응답 확인 | K17: 유효 텍스트 메시지 + 미지 필드 | L17: 1~2. 현재 동작 기록: 200(무시) 또는 400(엄격 검증). 어느 쪽이든 클라이언트 SDK가 미지 응답 필드를 무시하도록 설계(비파괴 변경 대비)되어야 하며, 결과는 자동화 assertion 기준으로 채택
A18: TC-CMN-008 | B18: 공통 계약 | C18: 응답 필드 추가 내성 | D18: REQ-22 | E18: 리스크 기반 | F18: 무발송 | G18: API | H18: P2 | I18: 모의 서버 MK1 구동, 클라이언트(SDK 래퍼) 준비 | J18: 1. MK1이 GET /v2/bot/info 응답에 미지 필드 'newField'를 추가하고 필드 순서를 바꿔 반환하도록 설정 2. 웹훅 수신 본문에 미지 이벤트 type 'futureEvent'와 미지 속성이 포함된 요청을 봇서버 B1에 전송 3. 클라이언트·봇서버 동작 확인 | K18: MK1 응답 변형, 미지 이벤트 웹훅 | L18: 1. 클라이언트가 예외 없이 기존 필드를 파싱한다 2. 봇서버가 미지 이벤트를 무시(로그만)하고 200을 반환하며 같은 배열의 다른 이벤트는 정상 처리한다
A19: TC-CMN-009 | B19: 공통 계약 | C19: 도메인 분리 | D19: REQ-20 | E19: 요구사항 | F19: 무발송 | G19: API | H19: P3 | I19: T1 유효, 웹훅으로 받은 이미지 messageId | J19: 1. GET https://api.line.me/v2/bot/message/{messageId}/content (잘못된 도메인) 2. GET https://api-data.line.me/v2/bot/message/{messageId}/content (정상 도메인) | K19: 이미지 messageId | L19: 1. 404 또는 오류(문서: 콘텐츠는 api-data 도메인) 2. 200, Content-Type이 image/*이고 바이너리가 수신된다
A20: TC-RPL-001 | B20: 응답 메시지 | C20: 정상 응답 | D20: REQ-06, REQ-15 | E20: 요구사항 | F20: 발송 | G20: UI | H20: P1 | I20: 봇서버 B1 웹훅 수신 중, 테스트 사용자 U1이 CH1 친구 | J20: 1. U1이 LINE 앱에서 봇에 텍스트 전송 2. B1이 수신한 message 이벤트의 replyToken·webhookEventId 기록 3. 10초 내 POST /v2/bot/message/reply(replyToken, messages=[text 1건]) 4. 응답 본문 확인, U1 앱에서 도달 확인 | K20: U1, 텍스트 1건 | L20: 3. 200, sentMessages[0].id(숫자 문자열)와 quoteToken이 있다 4. U1 채팅방에 메시지가 표시된다
A21: TC-RPL-002 | B21: 응답 메시지 | C21: 토큰 재사용 | D21: REQ-06, REQ-05 | E21: 요구사항 | F21: 발송 | G21: API | H21: P1 | I21: TC-RPL-001 직후, 같은 replyToken 보유 | J21: 1. 같은 replyToken으로 reply 재요청 2. 응답 상태·본문 기록 | K21: 사용된 replyToken | L21: 1. 400, message='Invalid reply token' 2. U1에게 두 번째 메시지가 도달하지 않는다
A22: TC-RPL-003 | B22: 응답 메시지 | C22: 토큰 만료 경계 | D22: REQ-06 | E22: 요구사항 | F22: 발송 | G22: 수동 | H22: P2 | I22: B1 수신 중, U1 메시지 3건을 시차를 두고 전송해 replyToken 3개 확보 | J22: 1. 토큰 A는 수신 55초 후 reply 2. 토큰 B는 수신 65초 후 reply 3. 토큰 C는 수신 20분 30초 후 reply 4. 각 결과를 3회(별도 토큰) 반복 측정 | K22: replyToken 3개 × 3회 | L22: 1. 200(1분 이내 보장) 2~3. 400 'Invalid reply token' 예상이나 문서상 비보장 영역 — 분포를 기록하고 '관찰'로 판정(Q07). 설계 결론: 토큰은 수신 즉시 사용 | M22: Q07
A23: TC-RPL-004 | B23: 응답 메시지 | C23: 메시지 수 경계 | D23: REQ-06, REQ-12 | E23: 요구사항 | F23: 발송 | G23: UI | H23: P1 | I23: replyToken 2개 확보(각각 1분 내 사용) | J23: 1. messages 5개(text 5건)로 reply 2. 새 토큰으로 messages 6개로 reply 3. 새 토큰으로 messages 0개([])로 reply | K23: 텍스트 5건 / 6건 / 0건 | L23: 1. 200, sentMessages 5개, U1에 5건 도달 2. 400, details.property가 messages를 가리킨다(Q04) 3. 400 — 발송 없음 | M23: Q04
A24: TC-RPL-005 | B24: 응답 메시지 | C24: 재전송 웹훅 토큰 | D24: REQ-06, REQ-16 | E24: 요구사항 | F24: 발송 | G24: 수동 | H24: P2 | I24: CH1 웹훅 재전송 ON, B1을 500 응답 모드로 설정 | J24: 1. U1이 봇에 메시지 전송 → B1이 500 반환(토큰 미사용, 기록만) 2. B1을 200 모드로 복구하고 재전송 웹훅(isRedelivery=true) 수신 대기 3. 재전송 수신 1분 내 그 replyToken으로 reply 4. 별도 건: 원본에서 토큰을 사용한 뒤 재전송 토큰으로 reply | K24: U1, B1 응답 모드 전환 | L24: 2. 재전송 이벤트의 replyToken·webhookEventId가 원본과 동일하다 3. 200(원본 미사용 + 발생 20분 이내) 4. 400 'Invalid reply token'
A25: TC-RPL-006 | B25: 응답 메시지 | C25: standby 모드 | D25: REQ-15 | E25: 요구사항 | F25: 무발송 | G25: API | H25: P3 | I25: B1 수신 중(모듈 채널 연동 환경은 없음) | J25: 1. B1에 mode='standby'이고 replyToken이 없는 message 이벤트를 서명 포함해 로컬 주입 2. 봇서버 처리 로직 확인 | K25: standby 이벤트 샘플 | L25: 1. 봇서버가 reply/push를 시도하지 않고 200만 반환한다(문서: standby 중 발송 금지) 2. 로그에 standby 사유가 남는다
A26: TC-RPL-007 | B26: 응답 메시지 | C26: 리트라이 키 미지원 | D26: REQ-11 | E26: 요구사항 | F26: 발송 | G26: API | H26: P2 | I26: replyToken 1개 확보 | J26: 1. reply 요청에 X-Line-Retry-Key: {UUID} 헤더 추가 2. 응답 기록 | K26: 유효 replyToken, UUID | L26: 1. 400(미지원 엔드포인트에 리트라이 키 지정) 2. 메시지 미발송, 토큰은 소모되지 않아 키 없이 재요청하면 200(확인용)
A27: TC-PSH-001 | B27: 푸시 메시지 | C27: 정상 발송(user) | D27: REQ-07 | E27: 요구사항 | F27: 발송 | G27: UI | H27: P1 | I27: U1이 CH1 친구, U1 userId 확보(웹훅 source.userId) | J27: 1. POST /v2/bot/message/push {to: U1, messages: [text]} + X-Line-Retry-Key 2. 응답 본문·헤더 확인 3. U1 앱에서 도달·알림 확인 | K27: U1, 텍스트 1건, RK1 | L27: 1. 200, sentMessages[0].id·quoteToken 2. X-Line-Request-Id 존재 3. 메시지 도달, 푸시 알림 수신
A28: TC-PSH-002 | B28: 푸시 메시지 | C28: 정상 발송(group) | D28: REQ-07, REQ-15 | E28: 요구사항 | F28: 발송 | G28: UI | H28: P2 | I28: 봇이 그룹 G1에 참여, G1 groupId 확보 | J28: 1. to=G1 groupId로 push 2. 그룹 채팅에서 도달 확인 | K28: G1 | L28: 1. 200 2. 그룹의 모든 구성원에게 메시지가 표시된다
A29: TC-PSH-003 | B29: 푸시 메시지 | C29: 차단 사용자 | D29: REQ-07 | E29: 요구사항 | F29: 발송 | G29: UI | H29: P1 | I29: U2가 CH1을 친구 추가 후 차단 | J29: 1. to=U2로 push 2. 응답 기록 3. U2 앱에서 차단 해제 후 채팅방 확인 | K29: U2(차단) | L29: 1. 200(문서: 차단 사용자도 200) 2. sentMessages가 반환된다 3. 차단 중 보낸 메시지는 표시되지 않는다(미도달) — 발송 성공 ≠ 도달을 설계 노트에 반영
A30: TC-PSH-004 | B30: 푸시 메시지 | C30: 타 채널 userId | D30: REQ-07, REQ-05 | E30: 요구사항 | F30: 발송 | G30: API | H30: P1 | I30: 다른 프로바이더 채널 CH2에서 얻은 U1의 userId(값이 다름) 확보 | J30: 1. CH1 토큰으로 to={CH2 기준 userId}로 push 1회 2. 응답 기록(가이드라인상 무효 ID 반복 요청 금지 — 1회만) | K30: CH2 userId | L30: 1. 400, message='Failed to send messages' 계열 2. 미도달
A31: TC-PSH-005 | B31: 푸시 메시지 | C31: 미참여 그룹 | D31: REQ-07 | E31: 요구사항 | F31: 발송 | G31: API | H31: P2 | I31: 봇이 탈퇴한 그룹 G2의 groupId 확보 | J31: 1. to=G2로 push 1회 | K31: G2 | L31: 1. 400, 발송 없음
A32: TC-PSH-006 | B32: 푸시 메시지 | C32: 7일 창(미친구) | D32: REQ-07 | E32: 요구사항 | F32: 발송 | G32: 수동 | H32: P2 | I32: U3가 친구 추가 없이 봇에 1:1 메시지를 보낸 지 1일 이내 | J32: 1. to=U3로 push 2. U3 앱 확인 3. (장기) 8일 후 같은 요청 | K32: U3 | L32: 1. 200 2. 도달한다(7일 창) 3. 200이지만 미도달 — 결과 기록
A33: TC-PSH-007 | B33: 푸시 메시지 | C33: notificationDisabled | D33: REQ-07 | E33: 요구사항 | F33: 발송 | G33: UI | H33: P3 | I33: U1 알림 허용 상태 | J33: 1. notificationDisabled=true로 push 2. notificationDisabled=false로 push 3. notificationDisabled='true'(문자열)로 push | K33: U1 | L33: 1. 200, 메시지는 도달하지만 알림 배너·소리 없음 2. 200, 알림 수신 3. 현재 동작 기록(Q12) | M33: Q12
A34: TC-PSH-008 | B34: 푸시 메시지 | C34: customAggregationUnits 검증 | D34: REQ-07, REQ-05 | E34: 요구사항 | F34: 발송 | G34: API | H34: P2 | I34: U1 | J34: 1. customAggregationUnits=['promo_A'] (유효) 2. ['promo-A'] (하이픈) 3. ['a'*30] / ['a'*31] 4. ['u1','u2'] (2개) 5. [] (빈 배열) | K34: 유닛명 변형 | L34: 1. 200; 3의 30자는 200 2, 3의 31자. 400 'The request body has 1 error(s)', details.property가 customAggregationUnits를 가리킨다 4~5. 현재 동작 기록(Q12) | M34: Q12
A35: TC-PSH-009 | B35: 푸시 메시지 | C35: to 필드 검증 | D35: REQ-07, REQ-05 | E35: 요구사항 | F35: 무발송 | G35: API | H35: P2 | I35: T1 | J35: 1. to 누락 2. to='' 3. to='user123'(형식 불일치) 4. to=['U…'] (배열) | K35: to 변형 4종 | L35: 1~4. 400이며 details[].property='to'. 미도달. 500이 나오면 결함
A36: TC-MLT-001 | B36: 다중 발송 | C36: multicast 정상 | D36: REQ-08 | E36: 요구사항 | F36: 발송 | G36: UI | H36: P1 | I36: U1·U2(차단 해제 상태) 모두 친구 | J36: 1. POST /v2/bot/message/multicast {to:[U1,U2], messages:[text]} + 리트라이 키 2. 두 사용자 앱 확인 | K36: U1, U2 | L36: 1. 200, 본문 '{}' 2. 두 명 모두 도달
A37: TC-MLT-002 | B37: 다중 발송 | C37: multicast 수신자 수 경계 | D37: REQ-08 | E37: 요구사항 | F37: 무발송 | G37: API | H37: P1 | I37: validate/multicast는 messages만 검증하므로 to 경계는 실제 엔드포인트로 검증. 유효 userId 1개(U1) | J37: 1. to에 U1 1개 + 형식은 유효하나 존재하지 않는 ID 499개(총 500)로 multicast — 가이드라인상 무효 ID 요청 금지이므로 **사내 테스트 환경·모의 서버 MK1 전제** 2. 501개로 요청 3. 0개([])로 요청 | K37: to 500 / 501 / 0 (MK1) | L37: 1. 200 2. 400, details.property='to' 3. 400 또는 현재 동작 기록(Q03) ※ 실플랫폼에서는 500개 실사용자 확보 불가 → 모의 서버에서 계약 검증, 실플랫폼은 2명으로 스모크만 | M37: Q03
A38: TC-MLT-003 | B38: 다중 발송 | C38: multicast 중복·그룹 ID | D38: REQ-08 | E38: 요구사항 | F38: 발송 | G38: UI | H38: P2 | I38: U1, G1 groupId | J38: 1. to=[U1, U1] (중복) 2. to=[G1 groupId] 3. to=[U1, {CH2 userId}] (혼합) — 1회만 | K38: 중복 / 그룹 / 혼합 | L38: 2. 400(그룹·룸 불가) 1, 3. 현재 동작 기록(Q03): 중복 시 도달 건수(1건인지 2건인지), 혼합 시 400인지 U1만 도달인지 | M38: Q03
A39: TC-MLT-004 | B39: 다중 발송 | C39: multicast 전체 실패 원자성 | D39: REQ-08 | E39: 요구사항 | F39: 발송 | G39: UI | H39: P1 | I39: U1, U2 친구 | J39: 1. to=[U1,U2], messages=[유효 text, {type:'text', text:''}]로 multicast 2. 두 사용자 앱 확인 | K39: 유효+무효 메시지 혼합 | L39: 1. 400 2. 누구에게도 어떤 메시지도 도달하지 않는다(문서: 오류 시 아무에게도 발송 안 됨)
A40: TC-MLT-005 | B40: 다중 발송 | C40: broadcast 정상 | D40: REQ-09 | E40: 요구사항 | F40: 발송 | G40: UI | H40: P2 | I40: CH1 친구가 테스트 계정(U1·U2·U3)뿐임을 확인 | J40: 1. POST /v2/bot/message/broadcast {messages:[text]} + 리트라이 키 2. 친구 전원 앱 확인 3. GET /v2/bot/message/quota/consumption 전후 비교 | K40: 텍스트 1건 | L40: 1. 200, '{}' 2. 친구 전원 도달(차단 중인 사용자는 미도달) 3. totalUsage가 도달 대상 수만큼 증가(근사치)
A41: TC-MLT-006 | B41: 다중 발송 | C41: broadcast 시간당 한도 | D41: REQ-09, REQ-18 | E41: 요구사항 | F41: 장기·한도 | G41: API | H41: P3 | I41: 가이드라인상 실플랫폼에 한도 초과 요청 금지 → 모의 서버 MK1이 61번째 요청에 429를 반환하도록 설정 | J41: 1. 클라이언트가 broadcast를 61회 호출(MK1) 2. 61번째 응답과 클라이언트의 백오프 동작 확인 | K41: MK1 429 시나리오 | L41: 1. 61번째는 429, message='The API rate limit has been exceeded. Try again later.' 2. 클라이언트가 재시도 대신 큐에 보류하고 알림을 남긴다(4xx 재시도 금지)
A42: TC-MLT-007 | B42: 다중 발송 | C42: narrowcast 비동기 수락 | D42: REQ-10 | E42: 요구사항 | F42: 발송 | G42: API | H42: P2 | I42: CH1에 업로드 오디언스 A1(U1·U2 userId, 업로드 오디언스는 50명 제한 예외) 생성 완료 | J42: 1. POST /v2/bot/message/narrowcast {messages:[text], recipient:{type:'audience', audienceGroupId:A1}} + 리트라이 키 2. 응답 상태와 X-Line-Request-Id 기록 3. GET /v2/bot/message/progress/narrowcast?requestId={ID}를 5초 간격으로 조회 | K42: 오디언스 A1 | L42: 1. 202, 본문 '{}' 3. phase가 waiting → sending → succeeded로 전이하고 successCount·failureCount·targetCount·acceptedTime·completedTime이 채워진다(상태 전이표 3.6)
A43: TC-MLT-008 | B43: 다중 발송 | C43: narrowcast 수신자 부족 | D43: REQ-10 | E43: 요구사항 | F43: 발송 | G43: API | H43: P2 | I43: CH1 타깃 리치 < 100 | J43: 1. recipient 없이 filter:{demographic:{type:'gender', oneOf:['male']}}로 narrowcast 2. 응답 기록 | K43: 속성 필터 | L43: 1. 403(타깃 리치 100명 미만) 2. 메시지 미발송
A44: TC-MLT-009 | B44: 다중 발송 | C44: narrowcast 상태 조회 오류 | D44: REQ-10 | E44: 요구사항 | F44: 무발송 | G44: 수동 | H44: P3 | I44: TC-MLT-007의 requestId, push 요청의 requestId 확보 | J44: 1. requestId='invalid'로 progress 조회 2. push 요청의 X-Line-Request-Id로 조회 3. (장기) acceptedTime + 14일 1시간 후 TC-MLT-007 requestId로 조회 | K44: requestId 3종 | L44: 1. 400 2. 404(내로우캐스트가 아닌 요청) 3. 404(14일 경과) — 장기 항목으로 별도 기록
A45: TC-MLT-010 | B45: 다중 발송 | C45: narrowcast limit 객체 | D45: REQ-10 | E45: 요구사항 | F45: 무발송 | G45: API | H45: P3 | I45: validate/narrowcast는 messages만 검증 → 모의 서버 MK1 또는 사내 환경 전제 | J45: 1. limit:{max:1, upToRemainingQuota:true}로 narrowcast(MK1) 2. limit:{max:0} 3. limit:{forbidPartialDelivery:true, upToRemainingQuota:true}, 월 잔여 < 타깃 시나리오(MK1) | K45: limit 변형 (MK1) | L45: 1. 202 후 targetCount=1 2. 400 3. 202 후 phase=failed, errorCode=5(부분 발송 금지로 취소)
A46: TC-IDM-001 | B46: 멱등성·재시도 | C46: 동일 키 재요청(push) | D46: REQ-11, REQ-05 | E46: 요구사항 | F46: 발송 | G46: UI | H46: P1 | I46: U1, 새 UUID RK1 | J46: 1. push(to=U1, text 'idem-1') + X-Line-Retry-Key: RK1 → 응답 A 저장(X-Line-Request-Id, sentMessages) 2. 같은 본문·같은 키로 즉시 재요청 → 응답 B 3. 1분 후 세 번째 요청 → 응답 C 4. U1 앱에서 도달 건수 확인 | K46: RK1, 'idem-1' | L46: 1. 200 2~3. 409, message='The retry key is already accepted', X-Line-Accepted-Request-Id = A의 X-Line-Request-Id, X-Line-Request-Id는 매번 다름, sentMessages.id가 A와 동일 4. 메시지는 정확히 1건만 도달
A47: TC-IDM-002 | B47: 멱등성·재시도 | C47: 동일 키(multicast·broadcast) | D47: REQ-11 | E47: 요구사항 | F47: 발송 | G47: UI | H47: P1 | I47: U1·U2, 새 UUID RK2·RK3 | J47: 1. multicast + RK2 → 200, 같은 키로 재요청 2. broadcast + RK3 → 200, 같은 키로 재요청 3. 도달 건수 확인 | K47: RK2, RK3 | L47: 1~2. 재요청은 409 + X-Line-Accepted-Request-Id, 본문에 sentMessages 없음(push 외) 3. 각 1건만 도달
A48: TC-IDM-003 | B48: 멱등성·재시도 | C48: 키 변경 시 신규 처리 | D48: REQ-11 | E48: 요구사항 | F48: 발송 | G48: UI | H48: P2 | I48: U1 | J48: 1. 같은 본문을 서로 다른 UUID 2개로 push 2. 도달 건수 확인 | K48: RK4, RK5 | L48: 1. 둘 다 200 2. 2건 도달(키가 다르면 별개 요청)
A49: TC-IDM-004 | B49: 멱등성·재시도 | C49: 같은 키·다른 본문 | D49: REQ-11 | E49: 요구사항 | F49: 발송 | G49: UI | H49: P2 | I49: U1, 새 UUID RK6 | J49: 1. push(text 'A') + RK6 → 200 2. push(text 'B') + RK6 3. push(to=U2, text 'A') + RK6 4. 도달 메시지 기록 | K49: RK6, 본문 변경 | L49: 2~3. 현재 동작 기록(Q02): 409인지, 신규 처리되어 'B'가 도달하는지. 설계 결론: 재시도 시 본문을 바꾸지 않는 클라이언트 규칙을 둔다 | M49: Q02
A50: TC-IDM-005 | B50: 멱등성·재시도 | C50: 키 24시간 만료 | D50: REQ-11 | E50: 요구사항 | F50: 장기·한도 | G50: 수동 | H50: P1 | I50: U1, RK7로 push 성공(시각 기록) | J50: 1. 23시간 50분 후 같은 키·본문으로 재요청 2. 24시간 10분 후 같은 키·본문으로 재요청 3. 도달 건수 확인 | K50: RK7, 24h 타이머 | L50: 1. 409 2. 200(신규 요청으로 처리) — 메시지가 중복 도달한다 3. 총 2건 도달. 설계 결론: 클라이언트 재시도 창은 24시간보다 짧게(예: 1시간) 제한
A51: TC-IDM-006 | B51: 멱등성·재시도 | C51: 키 형식 변형 | D51: REQ-11 | E51: 요구사항 | F51: 발송 | G51: API | H51: P3 | I51: U1 | J51: 1. X-Line-Retry-Key: 'abc' 2. 대문자 UUID 3. '{uuid}' (중괄호) 4. 빈 문자열 각 1회, 같은 키로 재요청 1회 | K51: 비표준 키 4종 | L51: 1~4. 현재 동작 기록(Q01): 400 거부인지, 수락 후 멱등 동작하는지. 자동화에서는 소문자 하이픈 UUID v4만 생성하도록 고정 | M51: Q01
A52: TC-IDM-007 | B52: 멱등성·재시도 | C52: 재시도 정책(상태 코드별) | D52: REQ-11 | E52: 리스크 기반 | F52: 무발송 | G52: API | H52: P1 | I52: 모의 서버 MK1, 클라이언트 재시도 모듈(지수 백오프, 최대 3회) | J52: 1. MK1이 500 → 500 → 200 순으로 응답하도록 설정 후 push 1회 호출 2. MK1이 타임아웃(무응답 10초) → 200 순으로 응답 3. MK1이 400 응답 4. MK1이 409 응답(accepted id 포함) 5. MK1이 429 응답 6. 각 시나리오에서 클라이언트의 요청 횟수·헤더·간격을 MK1 로그로 확인 | K52: MK1 시나리오 5종 | L52: 1. 총 3회 요청, 모두 같은 X-Line-Retry-Key, 간격이 지수 증가(예: 1s→2s), 최종 성공 2. 2회 요청 후 성공 3~5. 재시도 없이 1회로 종료하고 409는 성공으로, 400·429는 실패로 분류해 로그에 사유 기록
A53: TC-IDM-008 | B53: 멱등성·재시도 | C53: 첫 요청에 키 누락 | D53: REQ-11 | E53: 리스크 기반 | F53: 무발송 | G53: API | H53: P2 | I53: 클라이언트 발송 모듈 코드 리뷰 + MK1 | J53: 1. 클라이언트가 push/multicast/narrowcast/broadcast를 호출할 때 X-Line-Retry-Key를 항상 포함하는지 MK1 수신 로그로 확인 2. reply·validate 호출에는 키가 없는지 확인 | K53: 4개 발송 API 호출 + reply | L53: 1. 발송 4종 모두 첫 요청부터 키 포함(키 없는 첫 요청은 재시도 불가) 2. reply·validate에는 키 미포함(포함 시 400)
A54: TC-MSG-001 | B54: 메시지 객체 검증 | C54: text 길이 경계 | D54: REQ-12 | E54: 요구사항 | F54: 무발송 | G54: API | H54: P1 | I54: T1, ASCII 문자열 생성기 | J54: 1. validate/push에 text 길이 4999 2. 5000 3. 5001 4. 길이 1 5. 길이 0('') | K54: ASCII 4999/5000/5001/1/0자 | L54: 1~2, 4. 200 3. 400, details.property='messages[0].text'(Q11: message 문구 기록) 5. 400 'May not be empty' | M54: Q11
A55: TC-MSG-002 | B55: 메시지 객체 검증 | C55: UTF-16 단위 계산 | D55: REQ-12 | E55: 리스크 기반 | F55: 무발송 | G55: API | H55: P1 | I55: T1 | J55: 1. '🍎'(서로게이트 쌍) 2500개 = 5000 코드 유닛으로 validate 2. '🍎' 2501개(5002 유닛) 3. ASCII 4999자 + '🍎' 1개(5001 유닛) 4. 한글 5000자(각 1 유닛) 5. 결합 이모지('👨‍👩‍👧', 8 유닛) 625개(5000 유닛)와 626개 | K55: 이모지·한글 조합 | L55: 1, 4, 5의 625개. 200 2, 3, 5의 626개. 400(글자 수가 아닌 UTF-16 코드 유닛으로 계산됨을 확인) | M55: Q11
A56: TC-MSG-003 | B56: 메시지 객체 검증 | C56: LINE 이모지 | D56: REQ-12 | E56: 요구사항 | F56: 무발송 | G56: API | H56: P2 | I56: T1, 유효 productId/emojiId 1쌍 | J56: 1. text='$ hello', emojis=[{index:0, productId, emojiId}] validate 2. index:1(불일치) 3. emojis 20개(text에 $ 20개) 4. emojis 21개 5. text 4998자 + '$' 1개이며 대체 텍스트가 10자인 이모지 | K56: LINE 이모지 변형 | L56: 1, 3. 200 2. 400(index가 $ 위치와 불일치) 4. 400(최대 20) 5. 현재 동작 기록(Q11: 대체 텍스트 치환 후 5000 초과 판정 여부) | M56: Q11
A57: TC-MSG-004 | B57: 메시지 객체 검증 | C57: messages 배열 경계 | D57: REQ-12 | E57: 요구사항 | F57: 무발송 | G57: API | H57: P1 | I57: T1 | J57: 1. validate/push messages 5개 2. 6개 3. [] (빈 배열) 4. messages 누락 5. 5개 중 3번째만 text='' | K57: 배열 변형 | L57: 1. 200 2~4. 400, message·property 기록(Q04) 5. 400, details[0].property='messages[2].text'(인덱스 정확성) | M57: Q04
A58: TC-MSG-005 | B58: 메시지 객체 검증 | C58: type 열거값 | D58: REQ-12 | E58: 요구사항 | F58: 무발송 | G58: API | H58: P1 | I58: T1 | J58: 1. type='Text'(대소문자) 2. type='unknown' 3. type 누락 4. type=1(숫자) | K58: type 변형 | L58: 1~4. 400, details.property='messages[0].type', message에 허용 값 목록(text, image, video, audio, location, sticker, template, imagemap, flex)이 포함된다
A59: TC-MSG-006 | B59: 메시지 객체 검증 | C59: quickReply 경계 | D59: REQ-12 | E59: 요구사항 | F59: 무발송 | G59: API | H59: P2 | I59: T1, message action 아이템 생성기 | J59: 1. quickReply.items 13개 validate 2. 14개 3. 0개([]) 4. items 중 1개의 action.label을 21자(grapheme 기준 20 초과)로 | K59: quickReply 변형 | L59: 1. 200 2. 400(최대 13) 3. 400 또는 200 — 기록 4. 400, property='messages[0].quickReply.items[0].action.label'
A60: TC-MSG-007 | B60: 메시지 객체 검증 | C60: sender 커스텀 | D60: REQ-12 | E60: 요구사항 | F60: 무발송 | G60: API | H60: P3 | I60: T1 | J60: 1. sender.name 20자 2. 21자 3. sender.name='LINE' 4. sender.iconUrl='http://…png'(HTTP) 5. iconUrl='https://…jpg' | K60: sender 변형 | L60: 1. 200 2. 400(최대 20) 3. 400 또는 현재 동작 기록(금지어) 4. 400(HTTPS 필수) 5. 현재 동작 기록(PNG 외 확장자 검증은 URL 기준인지 실제 콘텐츠 기준인지)
A61: TC-MSG-008 | B61: 메시지 객체 검증 | C61: validate와 실제 발송의 동등성 | D61: REQ-12 | E61: 리스크 기반 | F61: 발송 | G61: API | H61: P1 | I61: U1, 무효 메시지 샘플 5종(TC-MSG-001~005에서 400을 받은 것) | J61: 1. 각 샘플을 validate/push → 400 본문 저장 2. 같은 샘플을 실제 push(to=U1) 1회씩 3. 두 응답의 상태·message·details 비교 4. 유효 샘플 1종은 validate 200 후 push 200 확인 | K61: 무효 5종 + 유효 1종 | L61: 3. validate와 push의 400 본문이 동일하다(validate를 자동화 1차 게이트로 쓸 수 있는 근거) 4. 둘 다 200, 미도달 없음
A62: TC-MSG-009 | B62: 메시지 객체 검증 | C62: 엔드포인트별 validate | D62: REQ-12 | E62: 요구사항 | F62: 무발송 | G62: API | H62: P2 | I62: T1 | J62: 1. 같은 유효 텍스트를 validate/reply, /push, /multicast, /narrowcast, /broadcast 5개에 전송 2. 같은 무효 텍스트('')를 5개에 전송 | K62: 유효 1 + 무효 1 × 5 엔드포인트 | L62: 1. 5개 모두 200 '{}' 2. 5개 모두 400이며 details가 동일한 형식
A63: TC-MSG-010 | B63: 메시지 객체 검증 | C63: 메시지 타입 × 엔드포인트 페어와이즈 | D63: REQ-12, REQ-06, REQ-07, REQ-08, REQ-09 | E63: 요구사항 | F63: 발송 | G63: UI | H63: P2 | I63: U1, 타입별 유효 샘플(text, sticker, image, location, template(buttons), flex) 준비 | J63: 1. 계획서 3.7 페어와이즈 표의 10개 조합을 validate로 검증 2. 조합마다 실제 발송 엔드포인트로 1회 발송(reply는 새 토큰 사용) 3. U1 앱에서 타입별 렌더링 확인 | K63: 페어와이즈 10조합 | L63: 1. 모두 200 2. 모두 200(reply·push는 sentMessages, multicast·broadcast는 '{}') 3. 각 타입이 의도대로 표시된다
A64: TC-MSG-011 | B64: 메시지 객체 검증 | C64: URL 인코딩 | D64: REQ-21, REQ-12 | E64: 요구사항 | F64: 무발송 | G64: API | H64: P3 | I64: T1 | J64: 1. image 메시지 originalContentUrl에 공백 포함 URL('https://example.com/a b.png') validate 2. 퍼센트 인코딩한 URL('…/a%20b.png') 3. 한글 경로를 UTF-8 퍼센트 인코딩한 URL | K64: URL 3종 | L64: 1. 400(인코딩 안 된 공백) 2~3. 200
A65: TC-WHK-001 | B65: 웹훅 수신·서명 | C65: 요청 형식 | D65: REQ-13, REQ-15 | E65: 요구사항 | F65: 무발송 | G65: API | H65: P1 | I65: B1(ngrok HTTPS) 수신 로그: 헤더·원문 body 저장, CH1 Webhook URL=B1 | J65: 1. U1이 봇에 텍스트 전송 2. B1 로그에서 요청 메서드·헤더·본문 확인 | K65: U1 텍스트 | L65: 1. POST, 헤더에 x-line-signature(대소문자 무관) 존재 2. 본문 destination이 U[0-9a-f]{32}이고 GET /v2/bot/info의 userId와 같다; events[0]에 type='message', mode='active', timestamp(ms 정수), source{type:'user', userId}, webhookEventId(ULID 26자), deliveryContext.isRedelivery=false, replyToken, message{id, type:'text', text, quoteToken}
A66: TC-WHK-002 | B66: 웹훅 수신·서명 | C66: 서명 검증 성공 | D66: REQ-14 | E66: 요구사항 | F66: 무발송 | G66: API | H66: P1 | I66: B1이 원문 body와 x-line-signature를 저장 | J66: 1. TC-WHK-001에서 저장한 원문 body와 CH1 secret으로 HMAC-SHA256 → Base64 계산 2. 헤더 값과 비교 3. body를 json.loads → json.dumps로 재직렬화한 문자열로 다시 계산 | K66: 원문 body, secret | L66: 2. 일치 3. 불일치(공백·순서가 달라짐) — 검증은 반드시 원문 바이트로 해야 함을 확인
A67: TC-WHK-003 | B67: 웹훅 수신·서명 | C67: 서명 불일치 거부 | D67: REQ-14 | E67: 요구사항 | F67: 무발송 | G67: API | H67: P1 | I67: B1 서명 검증 ON | J67: 1. 저장한 유효 웹훅 본문을 x-line-signature를 1자 바꿔 B1에 로컬 재전송 2. 본문의 text를 1자 바꾸고 원 서명 그대로 전송 3. 다른 채널 secret으로 서명해 전송 | K67: 변조 요청 3종 | L67: 1~3. B1이 이벤트를 처리하지 않고(reply·DB 기록 없음) 4xx(예: 400/401)를 반환하며 거부 로그를 남긴다
A68: TC-WHK-004 | B68: 웹훅 수신·서명 | C68: 서명 누락 | D68: REQ-14 | E68: 요구사항 | F68: 무발송 | G68: API | H68: P1 | I68: B1 서명 검증 ON | J68: 1. x-line-signature 헤더 없이 유효 본문 전송 2. 빈 문자열 서명으로 전송 | K68: 헤더 누락/빈값 | L68: 1~2. 거부(4xx), 이벤트 미처리
A69: TC-WHK-005 | B69: 웹훅 수신·서명 | C69: 헤더 이름 대소문자 | D69: REQ-13 | E69: 요구사항 | F69: 무발송 | G69: API | H69: P2 | I69: B1 | J69: 1. 'X-Line-Signature'로 전송 2. 'x-line-signature'로 전송 3. 'X-LINE-SIGNATURE'로 전송(모두 유효 서명) | K69: 헤더 표기 3종 | L69: 1~3. 모두 검증 성공·200(봇서버가 헤더 이름을 대소문자 구분 없이 읽음)
... A78: TC-WHS-002 | B78: 웹훅 설정·재전송 | C78: endpoint URL 검증 | D78: REQ-17, REQ-05 | E78: 요구사항 | F78: 무발송 | G78: API | H78: P2 | I78: T1 | J78: 1. endpoint='http://example.com/hook'(HTTP) 2. 500자 HTTPS URL 3. 501자 HTTPS URL 4. endpoint='not a url' 5. endpoint 누락 | K78: URL 변형 5종 | L78: 2. 200 1, 3~5. 400, details.property='endpoint'
A79: TC-WHS-003 | B79: 웹훅 설정·재전송 | C79: webhook test 응답 필드 | D79: REQ-17 | E79: 요구사항 | F79: 무발송 | G79: API | H79: P2 | I79: T1, B1 정상 | J79: 1. POST /v2/bot/channel/webhook/test {endpoint: B1 URL} 2. B1을 500 응답 모드로 두고 재호출 3. B1을 30초 지연 모드로 두고 재호출 4. B1(ngrok)을 종료하고 재호출 ※ 60 req/h 한도 내 | K79: B1 모드 4종 | L79: 1. success=true, statusCode=200, reason='OK', timestamp 2. success=false, statusCode=500, reason='ERROR_STATUS_CODE' 3. success=false, reason='REQUEST_TIMEOUT'(Q09: 타임아웃 기준 초 기록) 4. success=false, reason='COULD_NOT_CONNECT', statusCode ≤ 0 | M79: Q09
A80: TC-WHS-004 | B80: 웹훅 설정·재전송 | C80: webhook test 오류 | D80: REQ-17 | E80: 요구사항 | F80: 무발송 | G80: API | H80: P3 | I80: T1 | J80: 1. endpoint='http://…'(비HTTPS) 2. endpoint 501자 3. 해석 불가 도메인 'https://no-such-host.invalid/hook' 4. 채널에 endpoint 미설정 상태에서 endpoint 없이 호출 | K80: URL 변형 + 미설정 | L80: 4. 404 1~3. 400인지 200+success=false인지 현재 동작 기록(Q13) | M80: Q13
A81: TC-WHS-005 | B81: 웹훅 설정·재전송 | C81: 재전송 발생·동일성 | D81: REQ-16, REQ-15 | E81: 요구사항 | F81: 무발송 | G81: 수동 | H81: P1 | I81: CH1 Webhook redelivery ON, B1 500 응답 모드 | J81: 1. U1 메시지 전송 → B1이 500 반환, 원본 이벤트 저장 2. B1을 200 모드로 전환하고 재전송 대기(최대 30분) 3. 재전송 이벤트와 원본 비교 | K81: 원본 vs 재전송 | L81: 2. 재전송 요청이 도착한다 3. deliveryContext.isRedelivery=true, 그 외 webhookEventId·timestamp·replyToken·message.id는 원본과 동일. 도착 시각·간격을 기록(Q09) | M81: Q09
A82: TC-WHS-006 | B82: 웹훅 설정·재전송 | C82: 중복 제거(webhookEventId) | D82: REQ-16 | E82: 요구사항 | F82: 무발송 | G82: API | H82: P1 | I82: B1이 webhookEventId를 저장소(TTL 24h)에 기록하고 중복이면 건너뛰는 로직 구현 | J82: 1. TC-WHS-005 절차로 원본(500)·재전송(200) 수신 2. 저장한 유효 웹훅을 같은 서명으로 B1에 2회 로컬 재전송 3. 처리 결과(DB 레코드·reply 횟수) 확인 | K82: 동일 이벤트 중복 | L82: 3. 같은 webhookEventId는 1회만 처리되고 나머지는 200만 반환한다(멱등 수신)
A83: TC-WHS-007 | B83: 웹훅 설정·재전송 | C83: 순서 역전 처리 | D83: REQ-16 | E83: 리스크 기반 | F83: 무발송 | G83: 수동 | H83: P2 | I83: 재전송 ON, B1을 '첫 요청만 500' 모드 | J83: 1. U1이 'first' 전송 → B1 500 2. 즉시 U1이 'second' 전송 → B1 200 3. 'first' 재전송 도착 4. B1의 대화 상태(마지막 메시지)가 어떻게 기록됐는지 확인 | K83: first/second | L83: 4. 봇서버가 timestamp 기준으로 정렬해 'second'를 최신으로 유지한다(도착 순서로 덮어쓰면 결함). 재전송의 timestamp는 원 발생 시각이다
A84: TC-RLM-001 | B84: 레이트리밋·쿼터 | C84: 429 응답 계약(모의) | D84: REQ-18, REQ-05 | E84: 리스크 기반 | F84: 무발송 | G84: API | H84: P1 | I84: 가이드라인상 실플랫폼 한도 초과 금지 → MK1이 N번째 요청부터 429를 반환 | J84: 1. 클라이언트로 push를 연속 호출(MK1) 2. 429 응답의 상태·본문·헤더 기록 3. 클라이언트 동작 확인 | K84: MK1 429(message='The API rate limit has been exceeded. Try again later.') | L84: 2. 429, message 일치 3. 클라이언트가 즉시 재시도하지 않고 백오프(지수, 지터)로 대기 후 재개하며 메시지를 유실하지 않는다(큐 보존) | M84: Q08
A85: TC-RLM-002 | B85: 레이트리밋·쿼터 | C85: 낮은 한도 엔드포인트 1회 관찰 | D85: REQ-18 | E85: 요구사항 | F85: 장기·한도 | G85: 수동 | H85: P2 | I85: T1, webhook test(60 req/h) 사용량 0 | J85: 1. POST /v2/bot/channel/webhook/test(endpoint=B1)를 1초 간격으로 60회 2. 61번째 1회만 호출 후 즉시 중단 3. 응답 헤더(Retry-After 유무)·본문 기록 4. 1시간 후 1회 호출 | K85: 61회 + 1회 | L85: 1. 60회 200 2. 61번째 429(Q08: 헤더·details 기록) 4. 200(버킷 회복) ※ 초과 요청은 1회로 제한(가이드라인 준수) | M85: Q08
A86: TC-RLM-003 | B86: 레이트리밋·쿼터 | C86: 채널·메서드 단위 분리 | D86: REQ-18 | E86: 요구사항 | F86: 무발송 | G86: API | H86: P3 | I86: MK1 또는 사내 환경(실플랫폼은 Q08 관찰값으로 대체) | J86: 1. GET /v2/bot/channel/webhook/endpoint를 한도 근처까지 호출한 뒤 PUT 같은 경로 호출 2. 같은 엔드포인트를 다른 채널(CH2) 토큰으로 호출 | K86: GET/PUT, CH1/CH2 | L86: 1. GET 한도 소진이 PUT에 영향을 주지 않는다(메서드별 별개) 2. CH2는 영향 없음(채널별 독립)
A87: TC-RLM-004 | B87: 레이트리밋·쿼터 | C87: 월 한도·사용량 조회 | D87: REQ-18 | E87: 요구사항 | F87: 무발송 | G87: API | H87: P2 | I87: T1 | J87: 1. GET /v2/bot/message/quota 2. GET /v2/bot/message/quota/consumption 3. push 1건 후 2 재조회 | K87: 쿼터 API | L87: 1. 200, type ∈ {none, limited}; limited면 value(숫자) 2. 200, totalUsage(정수) 3. totalUsage가 1 증가(근사치이므로 수 분 지연 허용)
A88: TC-RLM-005 | B88: 레이트리밋·쿼터 | C88: 월 한도 초과 429(모의) | D88: REQ-18 | E88: 리스크 기반 | F88: 무발송 | G88: API | H88: P2 | I88: MK1이 429 + message='You have reached your monthly limit.'을 반환 | J88: 1. 클라이언트 push 호출(MK1) 2. 클라이언트의 분류 확인 | K88: MK1 월 한도 429 | L88: 2. 레이트리밋 429와 구분해 '한도 초과'로 분류하고 백오프 재시도 대신 운영 알림·발송 중단 처리한다(재시도해도 해결되지 않음) | M88: Q08
A89: TC-RLM-006 | B89: 레이트리밋·쿼터 | C89: 재시도도 한도에 집계 | D89: REQ-18, REQ-11 | E89: 리스크 기반 | F89: 무발송 | G89: API | H89: P3 | I89: MK1 요청 카운터 | J89: 1. MK1이 500 2회 후 200을 반환하도록 설정하고 push 1회 호출 2. MK1의 수신 요청 수 확인 | K89: 500×2 → 200 | L89: 2. 3회로 집계된다. 클라이언트 백오프 간격이 한도(2,000 req/s 등)를 넘지 않도록 설계됐는지 확인
A90: TC-PGN-001 | B90: 조회·페이지네이션 | C90: followers 기본 페이지 | D90: REQ-19 | E90: 요구사항 | F90: 무발송 | G90: API | H90: P2 | I90: CH1이 verified/premium 계정(아니면 Blocked), 친구 3명 | J90: 1. GET /v2/bot/followers/ids (limit 미지정) 2. 응답 확인 | K90: 친구 3명 | L90: 1. 200, userIds 배열(≤300), next 없음(남은 ID 없음) 2. 각 ID가 U[0-9a-f]{32} 형식
A91: TC-PGN-002 | B91: 조회·페이지네이션 | C91: limit 경계 | D91: REQ-19 | E91: 요구사항 | F91: 무발송 | G91: API | H91: P2 | I91: verified 계정 | J91: 1. limit=1 2. limit=1000 3. limit=1001 4. limit=0 5. limit=-1 6. limit=abc | K91: limit 6종 | L91: 1. 200, userIds 1개, 남은 ID가 있으면 next 포함 2. 200 3~6. 400 예상 — 현재 동작(보정 여부) 기록(Q10) | M91: Q10
A92: TC-PGN-003 | B92: 조회·페이지네이션 | C92: next 순회 완전성 | D92: REQ-19 | E92: 리스크 기반 | F92: 무발송 | G92: API | H92: P1 | I92: verified 계정, 친구 ≥ 3 | J92: 1. limit=1로 호출 → userIds·next 저장 2. next가 없을 때까지 start=next로 반복 3. 수집한 ID 합집합과 limit=1000 단일 호출 결과 비교 | K92: limit=1 순회 | L92: 2. 마지막 페이지에는 next가 없다 3. ID 집합이 동일하고 중복·누락이 없다
A93: TC-PGN-004 | B93: 조회·페이지네이션 | C93: continuation token 오류 | D93: REQ-19 | E93: 요구사항 | F93: 장기·한도 | G93: 수동 | H93: P2 | I93: TC-PGN-003의 next 토큰 1개 저장(시각 기록) | J93: 1. start='invalid' 2. start=토큰 1자 변경 3. (장기) 24시간 10분 후 저장한 토큰으로 호출 | K93: 토큰 변형 + 만료 | L93: 1~2. 400(무효 continuation token) 3. 400(만료) | M93: Q10
A94: TC-PGN-005 | B94: 조회·페이지네이션 | C94: 미인증 계정 403 | D94: REQ-19, REQ-01 | E94: 요구사항 | F94: 무발송 | G94: API | H94: P2 | I94: verified가 아닌 일반 계정 채널 CH2 | J94: 1. CH2 토큰으로 GET /v2/bot/followers/ids | K94: CH2 | L94: 1. 403, message에 권한 안내('Access to this API is not available for your account' 계열)
A95: TC-PGN-006 | B95: 조회·페이지네이션 | C95: 프로필 조회 | D95: REQ-20 | E95: 요구사항 | F95: 무발송 | G95: API | H95: P1 | I95: U1 친구·프로필 동의, U2 차단, U3 미친구(메시지 보냄) | J95: 1. GET /v2/bot/profile/{U1} 2. GET /v2/bot/profile/{U2} 3. GET /v2/bot/profile/{U3} 4. userId='abc' 5. 존재하지 않는 형식 유효 ID 1회 | K95: U1/U2/U3/형식 오류/미존재 | L95: 1. 200, displayName·userId 필수, language·pictureUrl·statusMessage는 조건부(없어도 통과) 2. 404 'Not found'(차단) 3. 200(메시지를 보낸 미친구) 4. 400 5. 404
A96: TC-PGN-007 | B96: 조회·페이지네이션 | C96: 콘텐츠 조회 상태 | D96: REQ-20 | E96: 요구사항 | F96: 무발송 | G96: UI | H96: P2 | I96: U1이 봇에 이미지·대용량 동영상 전송, messageId 확보 | J96: 1. GET api-data…/{이미지 ID}/content 2. 동영상 전송 직후 GET …/{동영상 ID}/content, GET …/content/transcoding 3. U1이 이미지 메시지를 전송 취소 후 1 재호출 4. 존재하지 않는 messageId | K96: 이미지/동영상/취소/미존재 | L96: 1. 200, Content-Type image/* 2. 준비 중이면 202, transcoding 응답 status ∈ {processing, succeeded, failed}; succeeded 후 200 3. 410 Gone 4. 404
A97: TC-PGN-008 | B97: 조회·페이지네이션 | C97: 로딩 애니메이션 파라미터 | D97: REQ-21 | E97: 요구사항 | F97: 무발송 | G97: UI | H97: P3 | I97: U1이 봇 채팅방을 열어 둠 | J97: 1. POST /v2/bot/chat/loading/start {chatId:U1, loadingSeconds:5} 2. loadingSeconds=60 3. loadingSeconds=7 4. loadingSeconds=65 5. chatId=G1 groupId 6. loadingSeconds 생략 | K97: 초 변형 | L97: 1~2, 6. 202 '{}', U1 화면에 애니메이션 표시(6은 20초) 3~5. 400
A98: TC-SEC-001 | B98: 보안·운영 | C98: long-lived 재발급 무효화 | D98: REQ-02 | E98: 요구사항 | F98: 무발송 | G98: UI | H98: P1 | I98: 콘솔 Admin 권한, 현재 long-lived 토큰 T1 | J98: 1. T1으로 GET /v2/bot/info → 200 2. 콘솔 Messaging API 탭에서 long-lived 토큰 재발급(유효기간 연장 0시간) 3. 즉시 T1으로 재호출 4. 새 토큰으로 호출 | K98: T1 → T1' | L98: 3. 401(기존 토큰 무효) 4. 200
A99: TC-SEC-002 | B99: 보안·운영 | C99: 채널 secret 재발급 영향 | D99: REQ-14 | E99: 요구사항 | F99: 무발송 | G99: UI | H99: P1 | I99: B1이 기존 secret으로 서명 검증 중 | J99: 1. 콘솔에서 채널 secret 재발급 2. U1 메시지 전송 → B1 검증 결과 확인 3. B1의 secret을 새 값으로 교체 후 재확인 | K99: secret 교체 | L99: 2. 서명 불일치로 거부(기존 secret 무효) — 교체 절차 없이 재발급하면 웹훅 전량 유실됨을 확인 3. 검증 성공
A100: TC-SEC-003 | B100: 보안·운영 | C100: 오류 응답의 민감정보 | D100: REQ-05 | E100: 리스크 기반 | F100: 무발송 | G100: API | H100: P2 | I100: T1 | J100: 1. TC-AUTH-002·AUTH-009·CMN-003의 오류 응답 본문·헤더 전수 수집 2. 토큰·secret·내부 호스트명·스택 트레이스 문자열 검색 | K100: 오류 응답 모음 | L100: 2. 토큰·secret 원문, 스택 트레이스, 내부 경로가 포함되지 않는다
A101: TC-SEC-004 | B101: 보안·운영 | C101: 클라이언트 로그 마스킹 | D101: REQ-22 | E101: 추가 검증 | F101: 무발송 | G101: API | H101: P2 | I101: 클라이언트(SDK 래퍼) 로그 레벨 DEBUG | J101: 1. push 1회 호출 후 클라이언트 로그 확인 2. 토큰 발급 호출 후 로그 확인 | K101: 로그 파일 | L101: 1. 로그에 X-Line-Request-Id·시각·메서드·엔드포인트·상태 코드가 남고 Authorization 값은 마스킹된다 2. client_secret·access_token 값이 평문으로 남지 않는다
A102: TC-SEC-005 | B102: 보안·운영 | C102: 서명 비교 방식 | D102: REQ-14 | E102: 추가 검증 | F102: 무발송 | G102: 수동 | H102: P3 | I102: B1 소스 코드 | J102: 1. 서명 비교 코드가 상수 시간 비교(hmac.compare_digest 등)를 쓰는지 리뷰 2. 서명이 Base64 디코딩 실패하는 값('!!!')일 때 동작 | K102: 코드 리뷰 + 비정상 서명 | L102: 1. 상수 시간 비교 사용(타이밍 공격 완화) 2. 예외 없이 4xx 거부
A103: TC-SEC-006 | B103: 보안·운영 | C103: IP 제한 미사용 | D103: REQ-13, REQ-14 | E103: 요구사항 | F103: 무발송 | G103: 수동 | H103: P3 | I103: B1 배포 설정(방화벽·ngrok 설정) | J103: 1. B1 앞단에 IP allowlist가 없는지 확인 2. 임의 IP(로컬)에서 유효 서명 요청 → 처리, 무효 서명 → 거부 | K103: 설정 리뷰 | L103: 1. IP 기반 제한 없음(플랫폼 IP 비공개) 2. 접근 제어가 서명 검증으로만 이루어진다

Sheet 테스트 데이터
A1: 구분 | B1: ID | C1: 이름 | D1: 조건 | E1: 사용 TC | F1: 준비 완료 | G1: 실제 값(ID·URL·버전 등, 비밀값 제외)
A2: 채널 | B2: CH1 | C2: 메인 테스트 채널 | D2: 개인 프로바이더의 Messaging API 채널. Webhook 사용 ON·재전송 ON, 채널 ID·secret·long-lived 토큰 확보, assertion 서명 키 등록. 월 무료 메시지 한도 내 운영 | E2: 대부분의 TC
A3: 채널 | B3: CH2 | C3: 타 프로바이더 채널 | D3: 다른 프로바이더 아래 두 번째 채널(userId가 CH1과 다름). verified 아님 | E3: TC-PSH-004, TC-MLT-003, TC-RLM-003, TC-PGN-005
A4: 계정 | B4: U1 | C4: 메인 테스트 사용자 | D4: 본인 LINE 계정. CH1 친구, 프로필 동의, 알림 허용. userId는 웹훅 source.userId에서 확보 | E4: 발송·웹훅 TC 전반
A5: 계정 | B5: U2 | C5: 차단 상태 사용자 | D5: 보조 계정. CH1 친구 추가 후 차단(필요 시 해제). 그룹 G1 구성원 | E5: TC-PSH-003, TC-MLT-001/004, TC-WHK-009, TC-PGN-006
A6: 계정 | B6: U3 | C6: 미친구 발신 사용자 | D6: 보조 계정. CH1을 친구 추가하지 않고 1:1 메시지를 보낸 지 7일 이내 | E6: TC-PSH-006, TC-PGN-006
A7: 그룹 | B7: G1 | C7: 봇 참여 그룹 | D7: U1·U2·봇이 구성원. groupId는 join 이벤트에서 확보 | E7: TC-PSH-002, TC-MLT-003, TC-WHK-012, TC-PGN-008
A8: 그룹 | B8: G2 | C8: 봇 탈퇴 그룹 | D8: 봇이 참여했다가 탈퇴한 그룹의 groupId | E8: TC-PSH-005
A9: 서버 | B9: B1 | C9: 봇서버 | D9: 로컬 FastAPI + ngrok HTTPS. 서명 검증, 원문 body·헤더·IP 로그, webhookEventId 중복 제거, 응답 모드(200/500/지연 5·15·30초/종료)를 설정으로 전환 | E9: 웹훅 TC 전반
A10: 서버 | B10: MK1 | C10: LINE API 모의 서버 | D10: LINE API 응답을 흉내 내는 로컬 서버. 429·500·타임아웃·409·월 한도 429·필드 추가·to 500건 시나리오를 재현. 가이드라인상 실플랫폼 부하·무효 ID 요청 금지를 대체 | E10: TC-CMN-008, TC-MLT-002/006/010, TC-IDM-007/008, TC-RLM-001/003/005/006
A11: 토큰 | B11: T1 | C11: long-lived 토큰 | D11: 콘솔에서 발급. 기본 인증용 | E11: 기본
A12: 토큰 | B12: T2 | C12: stateless 토큰 | D12: POST /oauth2/v3/token으로 발급(15분) | E12: TC-AUTH-001, 007, 008
A13: 토큰 | B13: T3 | C13: v2.1 토큰 | D13: JWT assertion으로 발급(token_exp 3600) | E13: TC-AUTH-003~006
... A18: 키 | B18: RK1~RK7 | C18: 리트라이 키 | D18: uuid4()로 생성한 소문자 하이픈 UUID. 케이스마다 새 값 | E18: TC-IDM 그룹, 발송 TC
A20: ※ 채널 secret·토큰·개인 키는 이 파일에 기록하지 않는다(환경 변수·비밀 저장소). 실제 값 열에는 식별자·URL·버전만 적는다

Sheet 질의사항
A1: ID | B1: 질의 | C1: 영향 | D1: 회신 전 처리 | E1: 영향 TC 수 | F1: 영향 TC | G1: 확인 결과(실제 응답) | H1: 확인일
A2: Q01 | B2: 리트라이 키 형식 검증 범위: UUID 형식이 아닌 문자열('abc'), 대문자 UUID, 중괄호 포함 UUID, 빈 문자열을 X-Line-Retry-Key에 넣었을 때 400인지 그대로 수락되는지, 수락되면 멱등 키로 동작하는지 | C2: 멱등성·재시도 TC | D2: 모의 서버가 아닌 테스트 채널에 1회씩 보내 상태 코드·message 기록 후 판정 | E2: =COUNTIF('테스트케이스'!$M$2:$M$103,"*"&A2&"*") | F2: IDM-006
A3: Q02 | B3: 같은 리트라이 키로 본문(수신자·메시지 내용)을 바꿔 재요청하면 409(키 기준 차단)인지 신규 처리인지. 문서는 '예상대로 동작하지 않을 수 있음'만 명시 | C3: 멱등성 TC, 운영 리스크 | D3: 현재 동작(상태 코드, accepted-request-id, 실제 도달 메시지) 기록 후 판정 | E3: =COUNTIF('테스트케이스'!$M$2:$M$103,"*"&A3&"*") | F3: IDM-004
A4: Q03 | B4: multicast to 배열 경계: 빈 배열, 같은 userId 중복, 유효 ID와 타채널 ID 혼합일 때 400인지 부분 발송인지, 중복이 500 한도 계산에 포함되는지 | C4: 다중 발송 TC | D4: 현재 동작(상태 코드, details[].property, 도달 건수) 기록 후 판정 | E4: =COUNTIF('테스트케이스'!$M$2:$M$103,"*"&A4&"*") | F4: MLT-002, MLT-003
A5: Q04 | B5: messages 배열 경계의 오류 표기: 빈 배열([])과 6개 초과 시 message·details[].property 값(messages 인지 messages[5] 인지), 5개 중 1개만 무효일 때 property 인덱스 표기 | C5: 메시지 객체 검증 TC, 자동화 assertion | D5: validate 엔드포인트로 현재 응답 본문을 기록해 assertion 기준으로 채택 | E5: =COUNTIF('테스트케이스'!$M$2:$M$103,"*"&A5&"*") | F5: RPL-004, MSG-004
A6: Q05 | B6: Authorization 헤더 변형 처리: 스킴 소문자('bearer'), 공백 2개, 스킴 없이 토큰만, 빈 토큰, 헤더 자체 누락일 때 모두 401인지, message가 'Authentication failed due to the following reason: XXX' 형식인지 | C6: 인증 TC | D6: 조회성 엔드포인트(GET /v2/bot/info)로 현재 동작 기록 후 판정 | E6: =COUNTIF('테스트케이스'!$M$2:$M$103,"*"&A6&"*") | F6: AUTH-009
A7: Q06 | B7: Content-Type 처리: 헤더 누락, text/plain으로 JSON 전송, application/json; charset=utf-8, multipart일 때 400/415 중 무엇이고 'The content type, XXX, is not supported' 메시지가 나오는지 | C7: 공통 계약 TC | D7: validate 엔드포인트로 현재 동작 기록 후 판정 | E7: =COUNTIF('테스트케이스'!$M$2:$M$103,"*"&A7&"*") | F7: CMN-004
A8: Q07 | B8: reply token 만료 경계: 수신 후 59초/60초/61초/20분 시점의 실제 거부 여부와 오류 message. 문서는 '1분 이후 동작 보장 안 됨'으로 비결정을 명시하고 '시간 제한에 의존하지 말 것'을 권고 | C8: 응답 메시지 TC(비결정 영역) | D8: 각 시점 3회 측정해 결과 분포를 기록하고 Pass/Fail 대신 '관찰'로 판정, 설계 권고(즉시 사용)로 처리 | E8: =COUNTIF('테스트케이스'!$M$2:$M$103,"*"&A8&"*") | F8: RPL-003
A9: Q08 | B9: 429 응답의 세부: Retry-After 헤더 포함 여부, 본문 details 유무, 토큰 버킷 보충 속도(초당 몇 건 회복), 월 한도 429와 레이트리밋 429의 message 외 구분자 | C9: 레이트리밋 TC, 클라이언트 백오프 설계 | D9: 가이드라인상 실플랫폼에 한도 초과 요청 금지. 한도가 낮은 webhook test(60/h)에서 1회 초과만 관찰해 헤더·본문 기록 | E9: =COUNTIF('테스트케이스'!$M$2:$M$103,"*"&A9&"*") | F9: RLM-001, RLM-002, RLM-005
A10: Q09 | B10: 웹훅 재전송의 횟수·간격(비공개)과 봇서버 응답 타임아웃 기준 초. 타임아웃으로 간주되는 지연 시간과 재전송 종료 후 콘솔 통계 반영 시점 | C10: 웹훅 재전송 TC | D10: 봇서버 지연을 5/15/30초로 바꿔 콘솔 통계(reason)와 재전송 도착 시각을 기록해 역도출 | E10: =COUNTIF('테스트케이스'!$M$2:$M$103,"*"&A10&"*") | F10: WHS-003, WHS-005
A11: Q10 | B11: followers/ids의 limit 범위 외 값(0, 음수, 1001, 문자열)과 start에 임의 문자열 지정 시 400인지 기본값·최대값으로 보정되는지, 오류 property 값 | C11: 페이지네이션 TC | D11: 현재 동작 기록 후 판정. verified 계정이 아니면 403으로 Blocked 처리 | E11: =COUNTIF('테스트케이스'!$M$2:$M$103,"*"&A11&"*") | F11: PGN-002, PGN-004
A12: Q11 | B12: text 길이 경계의 오류 표기: 5001자(UTF-16 유닛) 초과 시 details[].property·message, LINE 이모지 대체 텍스트 치환 후 길이가 5000을 넘는 경우의 처리, 4999자 + 서로게이트 이모지 1개(=5001유닛)의 판정 | C12: 메시지 객체 검증 TC | D12: validate 엔드포인트로 현재 응답 기록 후 판정 | E12: =COUNTIF('테스트케이스'!$M$2:$M$103,"*"&A12&"*") | F12: MSG-001, MSG-002, MSG-003
A13: Q12 | B13: 선택 파라미터 타입·조합 검증: notificationDisabled에 문자열 'true'/숫자 1, customAggregationUnits에 빈 배열·2개, to에 groupId + customAggregationUnits 조합일 때 400인지 무시되는지 | C13: 푸시 메시지 TC | D13: validate가 아닌 push 본문 검증이므로 테스트 사용자(U1)에게 1회씩 보내 현재 동작 기록 | E13: =COUNTIF('테스트케이스'!$M$2:$M$103,"*"&A13&"*") | F13: PSH-007, PSH-008
A14: Q13 | B14: webhook test 엔드포인트의 endpoint 파라미터에 http://(비HTTPS), 501자 URL, 해석 불가 도메인, 포트 포함 URL을 지정했을 때의 상태 코드(400 vs 200+success=false)와 reason 값 | C14: 웹훅 설정 TC | D14: 현재 동작 기록 후 판정. 60 req/h 한도 내에서 수행 | E14: =COUNTIF('테스트케이스'!$M$2:$M$103,"*"&A14&"*") | F14: WHS-004
A16: ※ 영향 TC 목록은 2026-10-25 설계 시점 기준. TC의 '관련 질의' 열을 바꾸면 '영향 TC 수'만 자동 갱신됨

Sheet API 체크리스트
A1: 관점 | B1: 확인 항목 | C1: 연결 TC | D1: 비고
A2: 계약·스키마 | B2: 성공·오류 응답 필드·타입, Content-Type, 미지 필드 내성 | C2: TC-CMN-001, TC-CMN-002, TC-CMN-007, TC-CMN-008
A3: 인증·권한 | B3: 토큰 종류·만료·폐기, 401/403, 헤더 변형 | C3: TC-AUTH-001 ~ TC-AUTH-009, TC-PGN-005
A4: 상태 코드·오류 포맷 | B4: 400/404/409/410/413/429의 message·details·property | C4: TC-CMN-002 ~ TC-CMN-006, TC-RPL-002, TC-PGN-006/007
A5: 입력 검증·경계 | B5: 길이(UTF-16)·개수·열거값·형식·URL 인코딩 | C5: TC-MSG-001 ~ TC-MSG-007, TC-MSG-011, TC-PSH-008/009, TC-WHS-002
A6: 멱등성·재시도 | B6: 리트라이 키 409·24h·본문 불일치, 상태 코드별 재시도 정책 | C6: TC-IDM-001 ~ TC-IDM-008, TC-RPL-007
A7: 비동기·상태 조회 | B7: 202 수락 후 phase 전이, 상태 창 만료, 콘텐츠 준비 202 | C7: TC-MLT-007 ~ TC-MLT-010, TC-PGN-007
A8: 페이지네이션 | B8: limit 경계, next 순회 완전성, continuation token 만료 | C8: TC-PGN-001 ~ TC-PGN-004
A9: 레이트리밋·쿼터 | B9: 429 두 종류 구분, 토큰 버킷 회복, 채널·메서드 단위, 월 한도 조회 | C9: TC-RLM-001 ~ TC-RLM-006, TC-MLT-006
A10: 웹훅 보안(서명) | B10: HMAC-SHA256 원문 검증, 불일치·누락 거부, secret 교체, IP 제한 금지 | C10: TC-WHK-002 ~ TC-WHK-005, TC-WHK-007, TC-SEC-002/005/006
A11: 웹훅 신뢰성 | B11: 200 즉시 응답, 재전송 동일성, webhookEventId 중복 제거, timestamp 순서 | C11: TC-WHK-006, TC-WHK-010, TC-WHS-005 ~ TC-WHS-007, TC-RPL-005
A12: 발송 성공 ≠ 도달 | B12: 차단·탈퇴·미친구 200 미도달, multicast 원자성, 7일 창 | C12: TC-PSH-003 ~ TC-PSH-006, TC-MLT-004
A13: 호환성·관측성 | B13: 비파괴 변경 내성, request id·로그 보관·마스킹 | C13: TC-CMN-007, TC-CMN-008, TC-WHK-011, TC-SEC-003, TC-SEC-004
A15: ※ 플랫폼 API 테스트 관점 목록. 각 관점이 최소 1개 TC로 연결되도록 설계. 다른 공개 API 설계에 재사용 가능

Sheet 결함 리포트
A1: 결함 ID | B1: TC ID | C1: 제목 | D1: 심각도 | E1: 우선순위 | F1: 환경(채널/엔드포인트/SDK 버전) | G1: 재현 절차 | H1: 기대 결과 | I1: 실제 결과 | J1: 재현율 | K1: 첨부(X-Line-Request-Id·로그) | L1: 상태 | M1: 등록일 | N1: 비고
A2: DEF-000 | B2: TC-IDM-001 | C2: (예시) 같은 리트라이 키 재요청이 409가 아닌 200으로 처리되어 메시지가 2건 도달 | D2: S1 | E2: P1 | F2: CH1 / POST /v2/bot/message/push / httpx 0.27 | G2: 1. push + X-Line-Retry-Key(UUID) → 200 2. 같은 본문·키로 10초 후 재요청 3. U1 앱에서 도달 건수 확인 | H2: 409 + X-Line-Accepted-Request-Id, 도달 1건 | I2: 200, sentMessages.id가 다른 값, 도달 2건 | J2: 3/3 | K2: req-id a1b2…, b3c4… / push.log | L2: 신규 | M2: 2026-10-26 | N2: 예시 행 — 실제 결함 등록 시 삭제
A25: 심각도 기준
A26: S1 | B26: 중복 발송, 메시지 유실, 서명 미검증으로 위조 웹훅 처리, 토큰·secret 노출
A27: S2 | B27: 계약 위반(상태 코드·오류 포맷 불일치), 경계값 오판정, 재시도 정책 오동작
A28: S3 | B28: 오류 메시지 문구·필드명 불일치, 우회 가능한 클라이언트 이상
A29: S4 | B29: 개선 제안, 로그 형식 등 사소한 사항
