Workbook

Sheet 요약
A1: 무신사 iOS 앱 주문 플로우 테스트 케이스
A2: - 요구사항 15건(REQ-01~15)은 무신사 공개 정책(고객센터 FAQ·이용 안내, 2026-10-25 조회)에서 역도출. 질의사항 12건(Q01~Q12)은 앱 동작으로 확정하며 기대결과에 'Qn 회신 후 확정' 표기
A3: - 설계 근거: 요구사항(공개 정책에서 직접 도출) / 리스크 기반(정책 외, 금액·주문 상태 영향 큼) / 추가 검증(범위 외 품질 확인)
A4: - 입력: '테스트케이스' 시트 노란 칸. 결과는 Pass/Fail/Blocked/N/A 선택. 집계는 자동 계산
A5: - 실행 구분: 비결제(결제 승인 전까지) / 실결제(소액 1건, 완료 후 즉시 취소) / 장기(48시간 대기 등). 자동화 구분: API / UI / 수동 — 계획서 8장 자동화 전략의 계층 배치
A7: 대분류 | B7: TC 수 | C7: P1 | D7: P2 | E7: P3 | F7: Pass | G7: Fail | H7: Blocked | I7: 미완료
A8: 장바구니 | B8: =COUNTIF('테스트케이스'!$B$2:$B$91,A8) | C8: =COUNTIFS('테스트케이스'!$B$2:$B$91,$A8,'테스트케이스'!$H$2:$H$91,"P1") | D8: =COUNTIFS('테스트케이스'!$B$2:$B$91,$A8,'테스트케이스'!$H$2:$H$91,"P2") | E8: =COUNTIFS('테스트케이스'!$B$2:$B$91,$A8,'테스트케이스'!$H$2:$H$91,"P3") | F8: =COUNTIFS('테스트케이스'!$B$2:$B$91,$A8,'테스트케이스'!$N$2:$N$91,"Pass") | G8: =COUNTIFS('테스트케이스'!$B$2:$B$91,$A8,'테스트케이스'!$N$2:$N$91,"Fail") | H8: =COUNTIFS('테스트케이스'!$B$2:$B$91,$A8,'테스트케이스'!$N$2:$N$91,"Blocked") | I8: =B8-F8-G8-H8-COUNTIFS('테스트케이스'!$B$2:$B$91,$A8,'테스트케이스'!$N$2:$N$91,"N/A")
A9: 주문서·금액 | B9: =COUNTIF('테스트케이스'!$B$2:$B$91,A9) | C9: =COUNTIFS('테스트케이스'!$B$2:$B$91,$A9,'테스트케이스'!$H$2:$H$91,"P1") | D9: =COUNTIFS('테스트케이스'!$B$2:$B$91,$A9,'테스트케이스'!$H$2:$H$91,"P2") | E9: =COUNTIFS('테스트케이스'!$B$2:$B$91,$A9,'테스트케이스'!$H$2:$H$91,"P3") | F9: =COUNTIFS('테스트케이스'!$B$2:$B$91,$A9,'테스트케이스'!$N$2:$N$91,"Pass") | G9: =COUNTIFS('테스트케이스'!$B$2:$B$91,$A9,'테스트케이스'!$N$2:$N$91,"Fail") | H9: =COUNTIFS('테스트케이스'!$B$2:$B$91,$A9,'테스트케이스'!$N$2:$N$91,"Blocked") | I9: =B9-F9-G9-H9-COUNTIFS('테스트케이스'!$B$2:$B$91,$A9,'테스트케이스'!$N$2:$N$91,"N/A")
A10: 쿠폰 | B10: =COUNTIF('테스트케이스'!$B$2:$B$91,A10) | C10: =COUNTIFS('테스트케이스'!$B$2:$B$91,$A10,'테스트케이스'!$H$2:$H$91,"P1") | D10: =COUNTIFS('테스트케이스'!$B$2:$B$91,$A10,'테스트케이스'!$H$2:$H$91,"P2") | E10: =COUNTIFS('테스트케이스'!$B$2:$B$91,$A10,'테스트케이스'!$H$2:$H$91,"P3") | F10: =COUNTIFS('테스트케이스'!$B$2:$B$91,$A10,'테스트케이스'!$N$2:$N$91,"Pass") | G10: =COUNTIFS('테스트케이스'!$B$2:$B$91,$A10,'테스트케이스'!$N$2:$N$91,"Fail") | H10: =COUNTIFS('테스트케이스'!$B$2:$B$91,$A10,'테스트케이스'!$N$2:$N$91,"Blocked") | I10: =B10-F10-G10-H10-COUNTIFS('테스트케이스'!$B$2:$B$91,$A10,'테스트케이스'!$N$2:$N$91,"N/A")
A11: 적립금 | B11: =COUNTIF('테스트케이스'!$B$2:$B$91,A11) | C11: =COUNTIFS('테스트케이스'!$B$2:$B$91,$A11,'테스트케이스'!$H$2:$H$91,"P1") | D11: =COUNTIFS('테스트케이스'!$B$2:$B$91,$A11,'테스트케이스'!$H$2:$H$91,"P2") | E11: =COUNTIFS('테스트케이스'!$B$2:$B$91,$A11,'테스트케이스'!$H$2:$H$91,"P3") | F11: =COUNTIFS('테스트케이스'!$B$2:$B$91,$A11,'테스트케이스'!$N$2:$N$91,"Pass") | G11: =COUNTIFS('테스트케이스'!$B$2:$B$91,$A11,'테스트케이스'!$N$2:$N$91,"Fail") | H11: =COUNTIFS('테스트케이스'!$B$2:$B$91,$A11,'테스트케이스'!$N$2:$N$91,"Blocked") | I11: =B11-F11-G11-H11-COUNTIFS('테스트케이스'!$B$2:$B$91,$A11,'테스트케이스'!$N$2:$N$91,"N/A")
A12: 배송지·배송비 | B12: =COUNTIF('테스트케이스'!$B$2:$B$91,A12) | C12: =COUNTIFS('테스트케이스'!$B$2:$B$91,$A12,'테스트케이스'!$H$2:$H$91,"P1") | D12: =COUNTIFS('테스트케이스'!$B$2:$B$91,$A12,'테스트케이스'!$H$2:$H$91,"P2") | E12: =COUNTIFS('테스트케이스'!$B$2:$B$91,$A12,'테스트케이스'!$H$2:$H$91,"P3") | F12: =COUNTIFS('테스트케이스'!$B$2:$B$91,$A12,'테스트케이스'!$N$2:$N$91,"Pass") | G12: =COUNTIFS('테스트케이스'!$B$2:$B$91,$A12,'테스트케이스'!$N$2:$N$91,"Fail") | H12: =COUNTIFS('테스트케이스'!$B$2:$B$91,$A12,'테스트케이스'!$N$2:$N$91,"Blocked") | I12: =B12-F12-G12-H12-COUNTIFS('테스트케이스'!$B$2:$B$91,$A12,'테스트케이스'!$N$2:$N$91,"N/A")
A13: 결제수단 | B13: =COUNTIF('테스트케이스'!$B$2:$B$91,A13) | C13: =COUNTIFS('테스트케이스'!$B$2:$B$91,$A13,'테스트케이스'!$H$2:$H$91,"P1") | D13: =COUNTIFS('테스트케이스'!$B$2:$B$91,$A13,'테스트케이스'!$H$2:$H$91,"P2") | E13: =COUNTIFS('테스트케이스'!$B$2:$B$91,$A13,'테스트케이스'!$H$2:$H$91,"P3") | F13: =COUNTIFS('테스트케이스'!$B$2:$B$91,$A13,'테스트케이스'!$N$2:$N$91,"Pass") | G13: =COUNTIFS('테스트케이스'!$B$2:$B$91,$A13,'테스트케이스'!$N$2:$N$91,"Fail") | H13: =COUNTIFS('테스트케이스'!$B$2:$B$91,$A13,'테스트케이스'!$N$2:$N$91,"Blocked") | I13: =B13-F13-G13-H13-COUNTIFS('테스트케이스'!$B$2:$B$91,$A13,'테스트케이스'!$N$2:$N$91,"N/A")
A14: 주문 취소·상태 | B14: =COUNTIF('테스트케이스'!$B$2:$B$91,A14) | C14: =COUNTIFS('테스트케이스'!$B$2:$B$91,$A14,'테스트케이스'!$H$2:$H$91,"P1") | D14: =COUNTIFS('테스트케이스'!$B$2:$B$91,$A14,'테스트케이스'!$H$2:$H$91,"P2") | E14: =COUNTIFS('테스트케이스'!$B$2:$B$91,$A14,'테스트케이스'!$H$2:$H$91,"P3") | F14: =COUNTIFS('테스트케이스'!$B$2:$B$91,$A14,'테스트케이스'!$N$2:$N$91,"Pass") | G14: =COUNTIFS('테스트케이스'!$B$2:$B$91,$A14,'테스트케이스'!$N$2:$N$91,"Fail") | H14: =COUNTIFS('테스트케이스'!$B$2:$B$91,$A14,'테스트케이스'!$N$2:$N$91,"Blocked") | I14: =B14-F14-G14-H14-COUNTIFS('테스트케이스'!$B$2:$B$91,$A14,'테스트케이스'!$N$2:$N$91,"N/A")
A15: 모바일 특화 | B15: =COUNTIF('테스트케이스'!$B$2:$B$91,A15) | C15: =COUNTIFS('테스트케이스'!$B$2:$B$91,$A15,'테스트케이스'!$H$2:$H$91,"P1") | D15: =COUNTIFS('테스트케이스'!$B$2:$B$91,$A15,'테스트케이스'!$H$2:$H$91,"P2") | E15: =COUNTIFS('테스트케이스'!$B$2:$B$91,$A15,'테스트케이스'!$H$2:$H$91,"P3") | F15: =COUNTIFS('테스트케이스'!$B$2:$B$91,$A15,'테스트케이스'!$N$2:$N$91,"Pass") | G15: =COUNTIFS('테스트케이스'!$B$2:$B$91,$A15,'테스트케이스'!$N$2:$N$91,"Fail") | H15: =COUNTIFS('테스트케이스'!$B$2:$B$91,$A15,'테스트케이스'!$N$2:$N$91,"Blocked") | I15: =B15-F15-G15-H15-COUNTIFS('테스트케이스'!$B$2:$B$91,$A15,'테스트케이스'!$N$2:$N$91,"N/A")
A16: 보안·입력 검증 | B16: =COUNTIF('테스트케이스'!$B$2:$B$91,A16) | C16: =COUNTIFS('테스트케이스'!$B$2:$B$91,$A16,'테스트케이스'!$H$2:$H$91,"P1") | D16: =COUNTIFS('테스트케이스'!$B$2:$B$91,$A16,'테스트케이스'!$H$2:$H$91,"P2") | E16: =COUNTIFS('테스트케이스'!$B$2:$B$91,$A16,'테스트케이스'!$H$2:$H$91,"P3") | F16: =COUNTIFS('테스트케이스'!$B$2:$B$91,$A16,'테스트케이스'!$N$2:$N$91,"Pass") | G16: =COUNTIFS('테스트케이스'!$B$2:$B$91,$A16,'테스트케이스'!$N$2:$N$91,"Fail") | H16: =COUNTIFS('테스트케이스'!$B$2:$B$91,$A16,'테스트케이스'!$N$2:$N$91,"Blocked") | I16: =B16-F16-G16-H16-COUNTIFS('테스트케이스'!$B$2:$B$91,$A16,'테스트케이스'!$N$2:$N$91,"N/A")
A17: 호환성·접근성 | B17: =COUNTIF('테스트케이스'!$B$2:$B$91,A17) | C17: =COUNTIFS('테스트케이스'!$B$2:$B$91,$A17,'테스트케이스'!$H$2:$H$91,"P1") | D17: =COUNTIFS('테스트케이스'!$B$2:$B$91,$A17,'테스트케이스'!$H$2:$H$91,"P2") | E17: =COUNTIFS('테스트케이스'!$B$2:$B$91,$A17,'테스트케이스'!$H$2:$H$91,"P3") | F17: =COUNTIFS('테스트케이스'!$B$2:$B$91,$A17,'테스트케이스'!$N$2:$N$91,"Pass") | G17: =COUNTIFS('테스트케이스'!$B$2:$B$91,$A17,'테스트케이스'!$N$2:$N$91,"Fail") | H17: =COUNTIFS('테스트케이스'!$B$2:$B$91,$A17,'테스트케이스'!$N$2:$N$91,"Blocked") | I17: =B17-F17-G17-H17-COUNTIFS('테스트케이스'!$B$2:$B$91,$A17,'테스트케이스'!$N$2:$N$91,"N/A")
A18: 합계 | B18: =SUM(B8:B17) | C18: =SUM(C8:C17) | D18: =SUM(D8:D17) | E18: =SUM(E8:E17) | F18: =SUM(F8:F17) | G18: =SUM(G8:G17) | H18: =SUM(H8:H17) | I18: =SUM(I8:I17)
A19: 수행률 | B19: =IF(B18=0,0,(F18+G18+H18)/B18) | C19: Pass율 | D19: =IF((F18+G18)=0,0,F18/(F18+G18)) | E19: 수행률 = (Pass+Fail+Blocked)/TC 수, Pass율 = Pass/(Pass+Fail)
A21: 설계 근거별 분포
A22: 설계 근거 | B22: TC 수 | C22: P1 | D22: P2 | E22: P3 | F22: 비율
A23: 요구사항 | B23: =COUNTIF('테스트케이스'!$E$2:$E$91,A23) | C23: =COUNTIFS('테스트케이스'!$E$2:$E$91,$A23,'테스트케이스'!$H$2:$H$91,"P1") | D23: =COUNTIFS('테스트케이스'!$E$2:$E$91,$A23,'테스트케이스'!$H$2:$H$91,"P2") | E23: =COUNTIFS('테스트케이스'!$E$2:$E$91,$A23,'테스트케이스'!$H$2:$H$91,"P3") | F23: =IF($B$18=0,0,B23/$B$18)
A24: 리스크 기반 | B24: =COUNTIF('테스트케이스'!$E$2:$E$91,A24) | C24: =COUNTIFS('테스트케이스'!$E$2:$E$91,$A24,'테스트케이스'!$H$2:$H$91,"P1") | D24: =COUNTIFS('테스트케이스'!$E$2:$E$91,$A24,'테스트케이스'!$H$2:$H$91,"P2") | E24: =COUNTIFS('테스트케이스'!$E$2:$E$91,$A24,'테스트케이스'!$H$2:$H$91,"P3") | F24: =IF($B$18=0,0,B24/$B$18)
A25: 추가 검증 | B25: =COUNTIF('테스트케이스'!$E$2:$E$91,A25) | C25: =COUNTIFS('테스트케이스'!$E$2:$E$91,$A25,'테스트케이스'!$H$2:$H$91,"P1") | D25: =COUNTIFS('테스트케이스'!$E$2:$E$91,$A25,'테스트케이스'!$H$2:$H$91,"P2") | E25: =COUNTIFS('테스트케이스'!$E$2:$E$91,$A25,'테스트케이스'!$H$2:$H$91,"P3") | F25: =IF($B$18=0,0,B25/$B$18)
A27: 실행 구분별 결과
A28: 실행 구분 | B28: 대상 TC | C28: Pass | D28: Fail | E28: Blocked | F28: 미수행
A29: 비결제 | B29: =COUNTIF('테스트케이스'!$F$2:$F$91,A29) | C29: =COUNTIFS('테스트케이스'!$F$2:$F$91,$A29,'테스트케이스'!$N$2:$N$91,"Pass") | D29: =COUNTIFS('테스트케이스'!$F$2:$F$91,$A29,'테스트케이스'!$N$2:$N$91,"Fail") | E29: =COUNTIFS('테스트케이스'!$F$2:$F$91,$A29,'테스트케이스'!$N$2:$N$91,"Blocked") | F29: =B29-C29-D29-E29-COUNTIFS('테스트케이스'!$F$2:$F$91,$A29,'테스트케이스'!$N$2:$N$91,"N/A")
A30: 실결제 | B30: =COUNTIF('테스트케이스'!$F$2:$F$91,A30) | C30: =COUNTIFS('테스트케이스'!$F$2:$F$91,$A30,'테스트케이스'!$N$2:$N$91,"Pass") | D30: =COUNTIFS('테스트케이스'!$F$2:$F$91,$A30,'테스트케이스'!$N$2:$N$91,"Fail") | E30: =COUNTIFS('테스트케이스'!$F$2:$F$91,$A30,'테스트케이스'!$N$2:$N$91,"Blocked") | F30: =B30-C30-D30-E30-COUNTIFS('테스트케이스'!$F$2:$F$91,$A30,'테스트케이스'!$N$2:$N$91,"N/A")
A31: 장기 | B31: =COUNTIF('테스트케이스'!$F$2:$F$91,A31) | C31: =COUNTIFS('테스트케이스'!$F$2:$F$91,$A31,'테스트케이스'!$N$2:$N$91,"Pass") | D31: =COUNTIFS('테스트케이스'!$F$2:$F$91,$A31,'테스트케이스'!$N$2:$N$91,"Fail") | E31: =COUNTIFS('테스트케이스'!$F$2:$F$91,$A31,'테스트케이스'!$N$2:$N$91,"Blocked") | F31: =B31-C31-D31-E31-COUNTIFS('테스트케이스'!$F$2:$F$91,$A31,'테스트케이스'!$N$2:$N$91,"N/A")
A33: 자동화 구분별 분포(테스트 피라미드)
A34: 자동화 구분 | B34: TC 수 | C34: P1 | D34: P2 | E34: P3 | F34: 비율
A35: API | B35: =COUNTIF('테스트케이스'!$G$2:$G$91,A35) | C35: =COUNTIFS('테스트케이스'!$G$2:$G$91,$A35,'테스트케이스'!$H$2:$H$91,"P1") | D35: =COUNTIFS('테스트케이스'!$G$2:$G$91,$A35,'테스트케이스'!$H$2:$H$91,"P2") | E35: =COUNTIFS('테스트케이스'!$G$2:$G$91,$A35,'테스트케이스'!$H$2:$H$91,"P3") | F35: =IF($B$18=0,0,B35/$B$18)
A36: UI | B36: =COUNTIF('테스트케이스'!$G$2:$G$91,A36) | C36: =COUNTIFS('테스트케이스'!$G$2:$G$91,$A36,'테스트케이스'!$H$2:$H$91,"P1") | D36: =COUNTIFS('테스트케이스'!$G$2:$G$91,$A36,'테스트케이스'!$H$2:$H$91,"P2") | E36: =COUNTIFS('테스트케이스'!$G$2:$G$91,$A36,'테스트케이스'!$H$2:$H$91,"P3") | F36: =IF($B$18=0,0,B36/$B$18)
A37: 수동 | B37: =COUNTIF('테스트케이스'!$G$2:$G$91,A37) | C37: =COUNTIFS('테스트케이스'!$G$2:$G$91,$A37,'테스트케이스'!$H$2:$H$91,"P1") | D37: =COUNTIFS('테스트케이스'!$G$2:$G$91,$A37,'테스트케이스'!$H$2:$H$91,"P2") | E37: =COUNTIFS('테스트케이스'!$G$2:$G$91,$A37,'테스트케이스'!$H$2:$H$91,"P3") | F37: =IF($B$18=0,0,B37/$B$18)
A38: ※ API: 주문서 계산·주문·취소 API 레벨(사내 테스트 환경 전제) / UI: Appium(XCUITest) E2E / 수동: 환경·OS 통합·육안 판단. 상세는 계획서 8장
A40: 요구사항 커버리지
A41: 요구사항 ID | B41: 연결 TC 수 | C41: 요구사항 기반 | D41: Pass | E41: Fail | J41: 요구사항
A42: REQ-01 | B42: =COUNTIF('테스트케이스'!$D$2:$D$91,"*"&A42&"*") | C42: =COUNTIFS('테스트케이스'!$D$2:$D$91,"*"&A42&"*",'테스트케이스'!$E$2:$E$91,"요구사항") | D42: =COUNTIFS('테스트케이스'!$D$2:$D$91,"*"&A42&"*",'테스트케이스'!$N$2:$N$91,"Pass") | E42: =COUNTIFS('테스트케이스'!$D$2:$D$91,"*"&A42&"*",'테스트케이스'!$N$2:$N$91,"Fail") | J42: 결제 수단은 무신사머니 / 무신사페이 / 일반 결제(신용카드, 가상계좌, Apple Pay, 휴대폰, 토스페이, 카카오페이, 삼성페이, KBPay, 페이코) 중 하나만 선택할 수 있으며 복합 결제는 불가하다.
A43: REQ-02 | B43: =COUNTIF('테스트케이스'!$D$2:$D$91,"*"&A43&"*") | C43: =COUNTIFS('테스트케이스'!$D$2:$D$91,"*"&A43&"*",'테스트케이스'!$E$2:$E$91,"요구사항") | D43: =COUNTIFS('테스트케이스'!$D$2:$D$91,"*"&A43&"*",'테스트케이스'!$N$2:$N$91,"Pass") | E43: =COUNTIFS('테스트케이스'!$D$2:$D$91,"*"&A43&"*",'테스트케이스'!$N$2:$N$91,"Fail") | J43: 주문 시점에 진행 중인 결제수단 즉시 할인 혜택이 있으면 해당 결제수단이 자동 선택되어 노출되고, 다른 결제수단으로 바꾸려면 즉시 할인을 먼저 해제해야 한다.
A44: REQ-03 | B44: =COUNTIF('테스트케이스'!$D$2:$D$91,"*"&A44&"*") | C44: =COUNTIFS('테스트케이스'!$D$2:$D$91,"*"&A44&"*",'테스트케이스'!$E$2:$E$91,"요구사항") | D44: =COUNTIFS('테스트케이스'!$D$2:$D$91,"*"&A44&"*",'테스트케이스'!$N$2:$N$91,"Pass") | E44: =COUNTIFS('테스트케이스'!$D$2:$D$91,"*"&A44&"*",'테스트케이스'!$N$2:$N$91,"Fail") | J44: 적립금은 5,000원 이상 보유한 경우에만 사용할 수 있다.
A45: REQ-04 | B45: =COUNTIF('테스트케이스'!$D$2:$D$91,"*"&A45&"*") | C45: =COUNTIFS('테스트케이스'!$D$2:$D$91,"*"&A45&"*",'테스트케이스'!$E$2:$E$91,"요구사항") | D45: =COUNTIFS('테스트케이스'!$D$2:$D$91,"*"&A45&"*",'테스트케이스'!$N$2:$N$91,"Pass") | E45: =COUNTIFS('테스트케이스'!$D$2:$D$91,"*"&A45&"*",'테스트케이스'!$N$2:$N$91,"Fail") | J45: 적립금은 결제 금액의 최대 7%까지, 10원 단위로만 사용할 수 있다.
A46: REQ-05 | B46: =COUNTIF('테스트케이스'!$D$2:$D$91,"*"&A46&"*") | C46: =COUNTIFS('테스트케이스'!$D$2:$D$91,"*"&A46&"*",'테스트케이스'!$E$2:$E$91,"요구사항") | D46: =COUNTIFS('테스트케이스'!$D$2:$D$91,"*"&A46&"*",'테스트케이스'!$N$2:$N$91,"Pass") | E46: =COUNTIFS('테스트케이스'!$D$2:$D$91,"*"&A46&"*",'테스트케이스'!$N$2:$N$91,"Fail") | J46: 브랜드·본사 정책상 적립금 사용이 제한되는 상품이 있으며 주문서에서 확인할 수 있다. 제휴(광고) 경유 접속(바로 접속 OFF) 시 적립금 사용과 선할인이 제한된다.
A47: REQ-06 | B47: =COUNTIF('테스트케이스'!$D$2:$D$91,"*"&A47&"*") | C47: =COUNTIFS('테스트케이스'!$D$2:$D$91,"*"&A47&"*",'테스트케이스'!$E$2:$E$91,"요구사항") | D47: =COUNTIFS('테스트케이스'!$D$2:$D$91,"*"&A47&"*",'테스트케이스'!$N$2:$N$91,"Pass") | E47: =COUNTIFS('테스트케이스'!$D$2:$D$91,"*"&A47&"*",'테스트케이스'!$N$2:$N$91,"Fail") | J47: 적립금 선할인은 구매 시 지급될 적립금을 주문 시 즉시 할인으로 사용하는 방식이다. 선할인 사용 시 구매 확정 후 적립금이 지급되지 않으며, 환불 시 선할인분은 반환되지 않는다.
A48: REQ-07 | B48: =COUNTIF('테스트케이스'!$D$2:$D$91,"*"&A48&"*") | C48: =COUNTIFS('테스트케이스'!$D$2:$D$91,"*"&A48&"*",'테스트케이스'!$E$2:$E$91,"요구사항") | D48: =COUNTIFS('테스트케이스'!$D$2:$D$91,"*"&A48&"*",'테스트케이스'!$N$2:$N$91,"Pass") | E48: =COUNTIFS('테스트케이스'!$D$2:$D$91,"*"&A48&"*",'테스트케이스'!$N$2:$N$91,"Fail") | J48: 쿠폰은 상품 단위로 적용되고 주문서 작성 단계에서 적용·변경할 수 있다. 상품 상세·장바구니에서 미리 적용해 할인가를 확인할 수 있고, 주문 완료 후에는 적용할 수 없다. 브랜드·상품에 따라 사용이 제한될 수 있다.
A49: REQ-08 | B49: =COUNTIF('테스트케이스'!$D$2:$D$91,"*"&A49&"*") | C49: =COUNTIFS('테스트케이스'!$D$2:$D$91,"*"&A49&"*",'테스트케이스'!$E$2:$E$91,"요구사항") | D49: =COUNTIFS('테스트케이스'!$D$2:$D$91,"*"&A49&"*",'테스트케이스'!$N$2:$N$91,"Pass") | E49: =COUNTIFS('테스트케이스'!$D$2:$D$91,"*"&A49&"*",'테스트케이스'!$N$2:$N$91,"Fail") | J49: 회원 등급별 등급 할인율이 결제 시 적용되며 '등급 혜택 안내'에서 확인할 수 있다. 월 등급 쿠폰팩은 매월 1일 지급된다.
A50: REQ-09 | B50: =COUNTIF('테스트케이스'!$D$2:$D$91,"*"&A50&"*") | C50: =COUNTIFS('테스트케이스'!$D$2:$D$91,"*"&A50&"*",'테스트케이스'!$E$2:$E$91,"요구사항") | D50: =COUNTIFS('테스트케이스'!$D$2:$D$91,"*"&A50&"*",'테스트케이스'!$N$2:$N$91,"Pass") | E50: =COUNTIFS('테스트케이스'!$D$2:$D$91,"*"&A50&"*",'테스트케이스'!$N$2:$N$91,"Fail") | J50: 결제완료 상태 주문은 즉시 취소되고 사용한 적립금·쿠폰은 반환되어 재사용할 수 있다(쿠폰은 유효기간 내). 상품준비중 주문은 취소 요청 후 승인 시 취소되며 거절될 수 있다. 출고 전 일부 수량 취소·옵션 변경은 불가하고, 옵션 변경은 입금 확인 상태에서만 가능하다.
A51: REQ-10 | B51: =COUNTIF('테스트케이스'!$D$2:$D$91,"*"&A51&"*") | C51: =COUNTIFS('테스트케이스'!$D$2:$D$91,"*"&A51&"*",'테스트케이스'!$E$2:$E$91,"요구사항") | D51: =COUNTIFS('테스트케이스'!$D$2:$D$91,"*"&A51&"*",'테스트케이스'!$N$2:$N$91,"Pass") | E51: =COUNTIFS('테스트케이스'!$D$2:$D$91,"*"&A51&"*",'테스트케이스'!$N$2:$N$91,"Fail") | J51: 가상계좌 결제는 주문 후 48시간 내 미입금 시 자동 취소된다. 결제 금액은 1원 단위까지 일치해야 입금되고 주문번호마다 계좌가 다르다. 입금 완료 시 재고가 차감되며, 품절 상태에서 입금하면 취소 처리된다.
A52: REQ-11 | B52: =COUNTIF('테스트케이스'!$D$2:$D$91,"*"&A52&"*") | C52: =COUNTIFS('테스트케이스'!$D$2:$D$91,"*"&A52&"*",'테스트케이스'!$E$2:$E$91,"요구사항") | D52: =COUNTIFS('테스트케이스'!$D$2:$D$91,"*"&A52&"*",'테스트케이스'!$N$2:$N$91,"Pass") | E52: =COUNTIFS('테스트케이스'!$D$2:$D$91,"*"&A52&"*",'테스트케이스'!$N$2:$N$91,"Fail") | J52: 결제 한도: 무신사머니는 200만 원 이하 상품 구매에만 사용 가능, 휴대폰 결제는 50만 원 이상 차단, 무신사머니 잔액 부족 시 2만 원 단위로 자동 충전된다.
A53: REQ-12 | B53: =COUNTIF('테스트케이스'!$D$2:$D$91,"*"&A53&"*") | C53: =COUNTIFS('테스트케이스'!$D$2:$D$91,"*"&A53&"*",'테스트케이스'!$E$2:$E$91,"요구사항") | D53: =COUNTIFS('테스트케이스'!$D$2:$D$91,"*"&A53&"*",'테스트케이스'!$N$2:$N$91,"Pass") | E53: =COUNTIFS('테스트케이스'!$D$2:$D$91,"*"&A53&"*",'테스트케이스'!$N$2:$N$91,"Fail") | J53: 브랜드·상품별 출고지가 달라 여러 브랜드 상품을 한 번에 결제할 수 있으나 각각 배송된다. 동일 상품에 일반 배송과 무배당발 옵션이 공존할 수 있고 옵션별 배송·교환/반품 정책이 다르다.
... A56: REQ-15 | B56: =COUNTIF('테스트케이스'!$D$2:$D$91,"*"&A56&"*") | C56: =COUNTIFS('테스트케이스'!$D$2:$D$91,"*"&A56&"*",'테스트케이스'!$E$2:$E$91,"요구사항") | D56: =COUNTIFS('테스트케이스'!$D$2:$D$91,"*"&A56&"*",'테스트케이스'!$N$2:$N$91,"Pass") | E56: =COUNTIFS('테스트케이스'!$D$2:$D$91,"*"&A56&"*",'테스트케이스'!$N$2:$N$91,"Fail") | J56: 신규 회원에게 가입 쿠폰 20%(발급 후 30일), 가입 적립금 5,000원(가입 후 24시간 내 사용), 365일 무료배송이 제공된다. 쿠폰은 상품 단위 적용이며 일부 상품은 제한되고, 1만 원 이상 상품 구매 시 혜택가가 적용된다.
A58: 질의사항 영향
A59: 질의 ID | B59: 영향 TC 수 | J59: 질의
A60: Q01 | B60: =COUNTIF('테스트케이스'!$M$2:$M$91,"*"&A60&"*") | J60: 배송비 산정 규칙: 브랜드별 부과인지, 장바구니 합계 기준 무료배송 조건과 금액, 도서산간 추가 배송비가 반영되는 시점(주문서 진입 시 / 배송지 선택 후)
A61: Q02 | B61: =COUNTIF('테스트케이스'!$M$2:$M$91,"*"&A61&"*") | J61: 장바구니 제한: 담을 수 있는 최대 상품 수, 옵션당 최대 수량, 초과 시 안내 문구
A62: Q03 | B62: =COUNTIF('테스트케이스'!$M$2:$M$91,"*"&A62&"*") | J62: 할인 적용 순서(등급 할인 → 쿠폰 → 적립금?)와 적립금 7% 한도의 기준 금액(상품 금액 / 쿠폰 적용 후 / 배송비 포함 여부), 10원 미만 절사·반올림 규칙
A63: Q04 | B63: =COUNTIF('테스트케이스'!$M$2:$M$91,"*"&A63&"*") | J63: 쿠폰 중복 규칙: 상품당 1장인지, 등급 쿠폰과 브랜드 쿠폰 중복 가능 여부, 쿠폰 할인과 적립금 선할인 병행 가능 여부
A64: Q05 | B64: =COUNTIF('테스트케이스'!$M$2:$M$91,"*"&A64&"*") | J64: 품절·가격 변동 처리: 장바구니에 담은 뒤 품절·가격 인상된 상품의 표시와 주문 가능 여부, 주문서 진입 후 품절 시 결제가 차단되는 시점
A65: Q06 | B65: =COUNTIF('테스트케이스'!$M$2:$M$91,"*"&A65&"*") | J65: 결제 중단 처리: PG·Apple Pay 화면에서 뒤로가기/앱 종료 시 '결제대기' 주문 생성 여부, 사용한 쿠폰·적립금의 즉시 반환 여부, 재시도 경로
A66: Q07 | B66: =COUNTIF('테스트케이스'!$M$2:$M$91,"*"&A66&"*") | J66: '결제 금액'의 정의: 적립금 7% 한도와 결제수단 한도(휴대폰 50만 원, 무신사머니 200만 원)의 기준이 배송비 포함 금액인지, 쿠폰 적용 후 금액인지
A67: Q08 | B67: =COUNTIF('테스트케이스'!$M$2:$M$91,"*"&A67&"*") | J67: 장바구니 동기화·유지: 웹과 앱 장바구니 동기화 여부, 로그아웃·재로그인·앱 재설치 시 유지 여부, 비회원 장바구니의 로그인 후 병합 여부
A68: Q09 | B68: =COUNTIF('테스트케이스'!$M$2:$M$91,"*"&A68&"*") | J68: 즉시 할인 자동 선택 시 다른 결제수단으로 바꾸는 UX(해제 안내 문구 유무)와 해제 후 금액 재계산
A69: Q10 | B69: =COUNTIF('테스트케이스'!$M$2:$M$91,"*"&A69&"*") | J69: 가입 적립금 24시간·가입 쿠폰 30일 만료 경계: 주문서를 열어둔 채 만료 시각이 지나면 적용된 혜택이 어떻게 처리되는지
A70: Q11 | B70: =COUNTIF('테스트케이스'!$M$2:$M$91,"*"&A70&"*") | J70: 상품준비중 취소 요청이 거절될 때의 알림(알림톡·앱 푸시)과 앱 내 상태 표시, 요청 철회 후 재요청 불가 처리
A71: Q12 | B71: =COUNTIF('테스트케이스'!$M$2:$M$91,"*"&A71&"*") | J71: 적립금 사용 불가 상품과 가능 상품을 함께 주문할 때 7% 한도의 기준 금액(가능 상품 금액만인지)과 주문서 표시
A72: ※ 질의 TC는 '현재 동작 기록'이 수행 조건이며, 회신(확인) 결과는 '질의사항' 시트에 기록

Sheet 테스트케이스
A1: TC ID | B1: 대분류 | C1: 중분류 | D1: 요구사항 ID | E1: 설계 근거 | F1: 실행 구분 | G1: 자동화 구분 | H1: 우선순위 | I1: 사전 조건 | J1: 테스트 절차 | K1: 테스트 데이터 | L1: 기대 결과 | M1: 관련 질의 | N1: 결과 | O1: 실측·메모 | P1: 결함 ID | Q1: 수행일 | R1: 수행자 | S1: 스크린샷 | T1: 비고
A2: TC-CART-001 | B2: 장바구니 | C2: 담기 | E2: 추가 검증 | F2: 비결제 | G2: UI | H2: P1 | I2: 로그인 상태, 장바구니 비어 있음 | J2: 1. 상품 상세에서 옵션(색상/사이즈) 선택 2. 수량 1로 [장바구니] 탭 3. 장바구니 진입 | K2: 상품 P1(일반 배송) | L2: 1. 담기 완료 안내가 표시된다 2. 장바구니에 선택한 옵션·수량·판매가가 상세와 동일하게 표시된다 3. 탭 바의 장바구니 뱃지 수가 1 증가한다
A3: TC-CART-002 | B3: 장바구니 | C3: 담기 | E3: 리스크 기반 | F3: 비결제 | G3: UI | H3: P2 | I3: P1 옵션 A가 장바구니에 수량 1로 있음 | J3: 1. 같은 상품의 같은 옵션 A를 수량 2로 다시 담기 2. 장바구니 확인 | K3: 상품 P1 옵션 A | L3: 1. 별도 행이 생기지 않고 수량이 3으로 합산된다(또는 중복 안내 후 선택) 2. 합계 금액이 수량 × 단가와 일치한다 | M3: Q02
A4: TC-CART-003 | B4: 장바구니 | C4: 수량 경계 | E4: 리스크 기반 | F4: 비결제 | G4: UI | H4: P2 | I4: P1이 장바구니에 있음, 옵션 재고 수량 확인(상세의 재고 표기 또는 수량 스텝퍼 상한) | J4: 1. 수량을 1에서 [-]로 0 시도 2. 수량을 상한까지 올린 뒤 [+] 1회 추가 3. 수량 직접 입력 필드가 있으면 0, 음수, 상한+1 입력 | K4: 수량 0 / 상한 / 상한+1 | L4: 1. 0 이하로 내려가지 않는다(버튼 비활성 또는 안내) 2. 상한 초과 시 안내가 표시되고 수량은 상한에 고정된다 3. 합계 금액이 즉시 재계산된다 | M4: Q02
A5: TC-CART-004 | B5: 장바구니 | C5: 삭제 | E5: 추가 검증 | F5: 비결제 | G5: UI | H5: P2 | I5: 서로 다른 상품 3개가 장바구니에 있음 | J5: 1. 1개 상품 선택 삭제 2. 전체 선택 해제 후 [주문하기] 시도 3. 전체 삭제 | K5: 상품 P1, P2, P3 | L5: 1. 삭제한 상품만 사라지고 합계·배송비가 재계산된다 2. 선택 상품이 없으면 주문 버튼이 비활성 또는 안내가 표시된다 3. 빈 장바구니 화면과 추천 영역이 표시되고 뱃지가 0이 된다
A6: TC-CART-005 | B6: 장바구니 | C6: 품절 처리 | D6: REQ-10 | E6: 리스크 기반 | F6: 비결제 | G6: API | H6: P1 | I6: 품절 임박 옵션(재고 1~2)을 장바구니에 담은 뒤, 다른 계정(또는 웹)으로 해당 재고를 선구매해 품절 상태로 만듦 | J6: 1. 앱 장바구니 진입 2. 전체 선택 후 [주문하기] | K6: 품절 옵션 상품 | L6: 1. 품절 상품에 '품절' 표시와 선택 불가 처리가 적용된다 2. 품절 상품은 주문서로 넘어가지 않거나 주문 불가 안내가 표시된다 3. 합계 금액에서 품절 상품이 제외된다 | M6: Q05
A7: TC-CART-006 | B7: 장바구니 | C7: 가격 변동 | E7: 리스크 기반 | F7: 비결제 | G7: API | H7: P2 | I7: 타임세일·브랜드위크 종료 임박 상품을 세일가로 장바구니에 담음 | J7: 1. 세일 종료 후 장바구니 진입 2. 주문서 진입 | K7: 세일 종료 상품 | L7: 1. 장바구니 가격이 현재 판매가로 갱신되고 변동 안내가 표시된다 2. 주문서 금액도 현재 판매가 기준이며 담을 때 가격으로 결제되지 않는다 | M7: Q05
A8: TC-CART-007 | B8: 장바구니 | C8: 브랜드 분리 | D8: REQ-12 | E8: 요구사항 | F8: 비결제 | G8: API | H8: P1 | I8: 브랜드가 다른 상품 2개(각각 배송비 정책 상이)를 담음 | J8: 1. 장바구니 진입 2. 브랜드별 그룹과 배송비 표기 확인 3. 전체 선택 후 합계 확인 | K8: 브랜드 A 상품, 브랜드 B 상품 | L8: 1. 상품이 브랜드별로 그룹화되어 표시된다 2. 배송비가 브랜드별로 표기되고 합계 배송비가 각 배송비의 합과 일치한다 | M8: Q01
A9: TC-CART-008 | B9: 장바구니 | C9: 배송 옵션 | D9: REQ-12 | E9: 요구사항 | F9: 비결제 | G9: UI | H9: P2 | I9: 일반 배송 옵션과 무배당발 옵션이 함께 판매되는 상품 확인(상세의 옵션 목록) | J9: 1. 일반 배송 옵션 담기 2. 무배당발 옵션 담기 3. 장바구니에서 두 행의 배송 표기 확인 | K9: 동일 상품 일반/무배당발 옵션 | L9: 1. 두 옵션이 별도 행으로 표시된다 2. 무배당발 행에는 도착 보장일·무료배송 표기가, 일반 행에는 브랜드 배송비·도착 예정일이 표시된다 | M9: Q01
A10: TC-CART-009 | B10: 장바구니 | C10: 유지 | E10: 리스크 기반 | F10: 비결제 | G10: UI | H10: P2 | I10: 장바구니에 상품 2개, 1개는 선택 해제 상태 | J10: 1. 앱 스위처에서 앱 강제 종료 2. 앱 재실행 후 장바구니 진입 3. 로그아웃 → 로그인 후 장바구니 진입 | K10: 상품 P1(선택), P2(해제) | L10: 1~2. 상품과 수량이 유지된다(선택 상태 유지 여부는 기록) 3. 재로그인 후에도 동일하게 유지된다 | M10: Q08
A11: TC-CART-010 | B11: 장바구니 | C11: 동기화 | E11: 추가 검증 | F11: 비결제 | G11: API | H11: P3 | I11: 같은 계정으로 웹(Safari) 로그인 | J11: 1. 웹에서 상품 P4 담기 2. 앱 장바구니 새로고침(당겨서 새로고침 또는 재진입) 3. 앱에서 P4 삭제 후 웹 새로고침 | K11: 상품 P4 | L11: 1~2. 앱 장바구니에 P4가 나타난다 3. 웹에서도 P4가 사라진다 | M11: Q08
A12: TC-CART-011 | B12: 장바구니 | C12: 쿠폰 미리보기 | D12: REQ-07 | E12: 요구사항 | F12: 비결제 | G12: UI | H12: P2 | I12: 사용 가능 쿠폰 보유, 쿠폰 적용 대상 상품이 장바구니에 있음 | J12: 1. 장바구니에서 쿠폰 적용(또는 '쿠폰 적용가 보기') 2. 할인 후 금액 확인 3. 주문서 진입 | K12: 등급 쿠폰 C1 | L12: 1. 상품 행에 쿠폰 할인가가 표시된다 2. 주문서에 같은 쿠폰이 적용된 상태로 진입되고 할인 금액이 동일하다
A13: TC-ORD-001 | B13: 주문서·금액 | C13: 진입 | E13: 추가 검증 | F13: 비결제 | G13: UI | H13: P1 | I13: 장바구니에 상품 3개, 그중 2개만 선택 | J13: 1. [주문하기] 탭 2. 주문서의 상품 목록·수량·옵션·금액 확인 | K13: 상품 P1, P2 선택 / P3 미선택 | L13: 1. 선택한 2개 상품만 주문서에 표시된다 2. 옵션·수량·판매가가 장바구니와 일치한다
A14: TC-ORD-002 | B14: 주문서·금액 | C14: 금액 정합성 | D14: REQ-04, REQ-08 | E14: 리스크 기반 | F14: 비결제 | G14: API | H14: P1 | I14: 등급 할인 대상 계정, 쿠폰 1장, 적립금 5,000원 이상 보유, 배송비 유료 브랜드 상품 1개 | J14: 1. 주문서에서 쿠폰 적용, 적립금 1,000원 사용 2. 상품 금액·등급 할인·쿠폰 할인·적립금·배송비·최종 결제 금액을 모두 기록 3. 수기로 합산 검증 | K14: 상품 P5(유료 배송), 쿠폰 C1, 적립금 1,000원 | L14: 1. 상품 금액 − 등급 할인 − 쿠폰 할인 − 적립금 + 배송비 = 최종 결제 금액이 1원 단위까지 일치한다 2. 각 항목이 주문서에 개별 표시된다 | M14: Q03
A15: TC-ORD-003 | B15: 주문서·금액 | C15: 등급 할인 | D15: REQ-08 | E15: 요구사항 | F15: 비결제 | G15: API | H15: P1 | I15: 마이 > 등급 혜택 안내에서 현재 등급 할인율 확인 | J15: 1. 할인 적용 가능 상품으로 주문서 진입 2. 등급 할인 금액 확인 | K15: 등급 할인율 r% | L15: 1. 등급 할인 금액이 상품 금액 × r%(원 단위 처리 규칙 기록)와 일치한다 2. 등급 할인 제외 상품은 할인이 적용되지 않고 안내가 표시된다 | M15: Q03
A16: TC-ORD-004 | B16: 주문서·금액 | C16: 품절 차단 | D16: REQ-10 | E16: 리스크 기반 | F16: 비결제 | G16: API | H16: P2 | I16: 재고 1인 옵션으로 주문서까지 진입, 보조 계정 준비 | J16: 1. 주문서를 열어둔 상태에서 보조 계정으로 해당 옵션 구매(품절화) 2. 앱에서 [결제하기] 탭 | K16: 재고 1 옵션, 보조 계정 | L16: 1. 결제가 진행되지 않고 품절 안내가 표시된다 2. 주문·결제가 생성되지 않는다(주문 내역 확인) | M16: Q05
A17: TC-ORD-005 | B17: 주문서·금액 | C17: 적립금 혼합 | D17: REQ-05 | E17: 요구사항 | F17: 비결제 | G17: API | H17: P2 | I17: 적립금 사용 불가 상품 P6과 사용 가능 상품 P1을 함께 선택 | J17: 1. 주문서 진입 2. 적립금 사용 가능 금액(최대) 확인 3. 최대 금액 적용 | K17: 상품 P6(적립금 불가), P1 | L17: 1. P6에 적립금 사용 불가 안내가 표시된다 2. 최대 사용 가능 금액이 P1 기준 7%로 계산되는지 기록한다(Q12 회신 후 확정) | M17: Q12
A18: TC-ORD-006 | B18: 주문서·금액 | C18: 입력 검증 | E18: 추가 검증 | F18: 비결제 | G18: UI | H18: P2 | I18: 배송지 미등록 신규 계정 또는 배송지 전체 삭제 상태 | J18: 1. 배송지 없이 [결제하기] 2. 수령인/연락처 공란으로 [결제하기] 3. 연락처에 문자·10자리 미만 입력 | K18: 공란, '010-12', 'abc' | L18: 1~2. 결제가 진행되지 않고 누락 항목에 오류 메시지와 포커스가 이동한다 3. 형식 오류 안내가 표시된다
A19: TC-ORD-007 | B19: 주문서·금액 | C19: 이탈 복귀 | E19: 추가 검증 | F19: 비결제 | G19: UI | H19: P3 | I19: 주문서에서 쿠폰·적립금 적용, 배송 요청사항 입력 | J19: 1. 뒤로가기로 장바구니 복귀 2. 다시 [주문하기] | K19: 쿠폰 C1, 적립금 1,000원 | L19: 1. 장바구니 상태가 유지된다 2. 쿠폰·적립금·요청사항의 유지/초기화 여부가 일관되고 금액이 재계산된다(현재 동작 기록)
A20: TC-ORD-008 | B20: 주문서·금액 | C20: 선할인 | D20: REQ-06 | E20: 요구사항 | F20: 비결제 | G20: API | H20: P2 | I20: 적립금 선할인 적용 가능 상품 | J20: 1. 주문서에서 적립금 선할인 선택 2. 안내 문구·할인 금액 확인 3. 선할인 해제 | K20: 선할인 가능 상품 | L20: 1. '구매 확정 후 적립금 미지급' 취지의 안내가 표시된다 2. 최종 결제 금액에 선할인이 반영된다 3. 해제 시 원래 금액으로 복원된다 | M20: Q04
A21: TC-ORD-009 | B21: 주문서·금액 | C21: 표기 | E21: 추가 검증 | F21: 비결제 | G21: UI | H21: P3 | I21: 합계가 100만 원 이상이 되도록 상품 구성 | J21: 1. 주문서 금액 영역 확인 | K21: 고가 상품 2개 | L21: 1. 모든 금액에 천 단위 콤마와 '원'이 일관되게 표기된다 2. 할인 항목은 음수(−) 또는 별도 색으로 구분되고 잘림이 없다
A22: TC-ORD-010 | B22: 주문서·금액 | C22: 수량 변경 | E22: 추가 검증 | F22: 비결제 | G22: UI | H22: P3 | I22: 주문서에 수량 2 상품 | J22: 1. 주문서에서 수량 변경 UI 유무 확인 2. 있으면 수량 1로 변경 | K22: 상품 P1 수량 2 | L22: 1. 수량 변경이 가능하면 금액·쿠폰·적립금 한도가 즉시 재계산된다 2. 불가하면 장바구니로 안내된다(현재 동작 기록) | M22: Q03
A23: TC-CPN-001 | B23: 쿠폰 | C23: 적용·해제 | D23: REQ-07 | E23: 요구사항 | F23: 비결제 | G23: API | H23: P1 | I23: 쿠폰 적용 대상 상품 P1, 비대상 상품 P7이 주문서에 있음, 쿠폰 C1 보유 | J23: 1. P1에 쿠폰 C1 적용 2. 금액 확인 3. 쿠폰 해제 | K23: 쿠폰 C1(정률 10%) | L23: 1. P1 행에만 할인이 반영되고 P7 금액은 변동 없다 2. 쿠폰 할인 = P1 금액 × 10%(원 단위 규칙 기록) 3. 해제 시 원복된다
A24: TC-CPN-002 | B24: 쿠폰 | C24: 제외 상품 | D24: REQ-07 | E24: 요구사항 | F24: 비결제 | G24: API | H24: P1 | I24: 쿠폰 사용 제한 상품 P7(상세에 '쿠폰 적용 불가' 표기) 주문서 | J24: 1. P7의 쿠폰 선택 영역 확인 2. 쿠폰 목록 열기 | K24: 상품 P7 | L24: 1. 사용 불가 안내가 표시되거나 선택 영역이 비활성이다 2. 목록에 C1이 '사용 불가'로 표시되거나 노출되지 않는다
A25: TC-CPN-003 | B25: 쿠폰 | C25: 최소 주문 경계 | D25: REQ-07, REQ-15 | E25: 요구사항 | F25: 비결제 | G25: API | H25: P1 | I25: 최소 주문 금액 조건(예: 3만 원 이상)이 있는 쿠폰 C2 보유 | J25: 1. 상품 금액이 조건 − 10원인 구성으로 쿠폰 적용 시도 2. 조건과 동일한 금액으로 적용 3. 조건 + 10원으로 적용 | K25: 쿠폰 C2, 금액 29,990 / 30,000 / 30,010 | L25: 1. 적용되지 않고 조건 미달 안내가 표시된다 2~3. 적용된다(경계 포함 여부 기록)
A26: TC-CPN-004 | B26: 쿠폰 | C26: 최대 할인 경계 | D26: REQ-07 | E26: 요구사항 | F26: 비결제 | G26: API | H26: P2 | I26: 최대 할인 한도(예: 1만 원)가 있는 정률 쿠폰 C3 | J26: 1. 정률 할인이 한도를 초과하는 고가 상품에 적용 2. 한도와 정확히 같은 금액의 상품에 적용 | K26: 쿠폰 C3(20%, 최대 1만 원), 상품 6만 원 / 5만 원 | L26: 1. 할인 금액이 한도 1만 원으로 고정된다 2. 할인 금액이 1만 원이다
A27: TC-CPN-005 | B27: 쿠폰 | C27: 중복 | D27: REQ-07 | E27: 리스크 기반 | F27: 비결제 | G27: API | H27: P2 | I27: 같은 상품에 적용 가능한 등급 쿠폰 C1과 브랜드 쿠폰 C4 보유 | J27: 1. P1에 C1 적용 후 C4 추가 적용 시도 | K27: 쿠폰 C1, C4 | L27: Q04 회신 후 확정. 중복 불가면 교체·거부 안내가 표시되고, 중복 가능하면 두 할인이 모두 반영되며 합산이 정확하다 | M27: Q04
A28: TC-CPN-006 | B28: 쿠폰 | C28: 적립금 병행 | D28: REQ-04, REQ-07 | E28: 요구사항 | F28: 비결제 | G28: API | H28: P1 | I28: 쿠폰 C1, 적립금 5,000원 이상 보유 | J28: 1. 쿠폰 적용 전 적립금 최대 사용 가능 금액 기록 2. 쿠폰 적용 후 최대 사용 가능 금액 기록 3. 적립금 최대 적용 | K28: 쿠폰 C1, 적립금 | L28: 1~2. 7% 한도의 기준 금액이 쿠폰 적용 전/후 중 무엇인지 기록한다(Q03) 3. 쿠폰 할인과 적립금이 모두 반영되고 최종 금액이 계산식과 일치한다 | M28: Q03, Q04
A29: TC-CPN-007 | B29: 쿠폰 | C29: 이동 적용 | D29: REQ-07 | E29: 요구사항 | F29: 비결제 | G29: API | H29: P3 | I29: 쿠폰 적용 가능 상품 P1, P2가 주문서에 있음, 쿠폰 C1 1장 | J29: 1. P1에 C1 적용 2. P2에 C1 적용 시도 | K29: 쿠폰 C1 | L29: 1. P1에 할인 적용 2. C1이 P2로 이동 적용되고 P1 할인이 해제된다(또는 1장 제한 안내), 합계가 재계산된다
A30: TC-CPN-008 | B30: 쿠폰 | C30: 만료 경계 | D30: REQ-07 | E30: 리스크 기반 | F30: 비결제 | G30: API | H30: P2 | I30: 당일 23:59 만료 쿠폰 C5 보유, 23:55에 주문서 진입 후 C5 적용 | J30: 1. 00:01까지 주문서 유지 2. [결제하기] 탭(PG 진입 전 단계에서 중단) | K30: 쿠폰 C5 | L30: 1. 만료 쿠폰이 적용된 채 결제가 진행되지 않고 재확인 안내가 표시된다 2. 금액이 쿠폰 미적용으로 재계산된다 | M30: Q10
A31: TC-CPN-009 | B31: 쿠폰 | C31: 동시 사용 | D31: REQ-07 | E31: 리스크 기반 | F31: 실결제 | G31: API | H31: P2 | I31: 앱과 웹에서 같은 계정으로 각각 주문서에 쿠폰 C1 적용 | J31: 1. 웹에서 C1으로 소액 결제 완료 2. 앱 주문서에서 [결제하기] | K31: 쿠폰 C1, 소액 상품 | L31: 1. 앱에서 이미 사용된 쿠폰으로 결제되지 않고 안내가 표시된다 2. 이중 할인 주문이 생성되지 않는다 ※ 결제된 웹 주문은 즉시 취소 | M31: Q06
A32: TC-CPN-010 | B32: 쿠폰 | C32: 가입 쿠폰 | D32: REQ-15 | E32: 요구사항 | F32: 비결제 | G32: API | H32: P2 | I32: 신규 가입 계정(가입 쿠폰 20% 보유) | J32: 1. 쿠폰함에서 유효기간 확인 2. 9,990원 상품에 적용 시도 3. 10,000원 상품에 적용 | K32: 가입 쿠폰, 상품 9,990 / 10,000원 | L32: 1. 유효기간이 발급일 + 30일로 표시된다 2. 적용되지 않고 조건 안내가 표시된다(1만 원 이상 조건이 쿠폰 조건인지 기록) 3. 20% 할인이 적용된다
A33: TC-PNT-001 | B33: 적립금 | C33: 보유 경계 | D33: REQ-03 | E33: 요구사항 | F33: 비결제 | G33: API | H33: P1 | I33: 적립금 보유 4,990원 계정(M2). 보유액 조정이 어려우면 메인 계정에서 적립금 일부를 사용한 주문을 결제완료 상태로 둔 뒤(잔액 <5,000) 수행하고 취소 | J33: 1. 마이 > 적립금 잔액 확인 2. 주문서에서 적립금 사용 영역 확인 3. 금액 입력 시도 | K33: 보유 4,990원 | L33: 1. 입력이 비활성이고 '5,000원 이상 보유 시 사용 가능' 취지의 안내가 표시된다
A34: TC-PNT-002 | B34: 적립금 | C34: 보유 경계 | D34: REQ-03 | E34: 요구사항 | F34: 비결제 | G34: API | H34: P1 | I34: 적립금 보유 정확히 5,000원 계정(경계), 상품 금액 100,000원 주문서(7% 한도 7,000원 > 보유) | J34: 1. 적립금 10원 입력 2. 5,000원 전액 입력 | K34: 보유 5,000원 | L34: 1. 10원이 적용된다 2. 5,000원 전액이 적용된다(보유 경계 포함)
A35: TC-PNT-003 | B35: 적립금 | C35: 7% 경계 | D35: REQ-04 | E35: 요구사항 | F35: 비결제 | G35: API | H35: P1 | I35: 상품 금액 정확히 100,000원(쿠폰 미적용) 구성, 적립금 1만 원 이상 보유(7% 한도 7,000원 < 보유) | J35: 1. 7,000원 입력 2. 7,010원 입력 3. 6,990원 입력 | K35: 7,000 / 7,010 / 6,990 | L35: 1. 적용된다 2. 7,000원으로 자동 보정되거나 한도 초과 안내가 표시된다(보유액 이내이므로 한도만 작용) 3. 적용된다 | M35: Q03, Q07
A36: TC-PNT-004 | B36: 적립금 | C36: 10원 단위 | D36: REQ-04 | E36: 요구사항 | F36: 비결제 | G36: API | H36: P1 | I36: 적립금 5,000원 이상 보유 | J36: 1. 1,005원 입력 2. 1,001원 입력 3. 1,000원 입력 | K36: 1,005 / 1,001 / 1,000 | L36: 1~2. 10원 단위로 절사되거나 단위 안내와 함께 거부된다(절사/거부 중 현재 동작 기록) 3. 적용된다 | M36: Q03
A37: TC-PNT-005 | B37: 적립금 | C37: 전액 사용 | D37: REQ-04 | E37: 요구사항 | F37: 비결제 | G37: API | H37: P2 | I37: 적립금 보유 5,614원(10원 단위가 아닌 잔액) | J37: 1. 상품 금액 100,000원 주문서에서 [전액 사용] 탭(7% 한도 7,000원 > 보유) 2. 상품 금액 50,000원 주문서에서 [전액 사용] 탭(7% 한도 3,500원 < 보유) | K37: 보유 5,614원, 상품 100,000 / 50,000원 | L37: 1. 보유액을 10원 단위로 절사한 5,610원이 적용된다(5,614원 그대로 적용되면 REQ-04 위반) 2. 한도 3,500원이 적용된다 | M37: Q03
A38: TC-PNT-006 | B38: 적립금 | C38: 사용 불가 상품 | D38: REQ-05 | E38: 요구사항 | F38: 비결제 | G38: API | H38: P1 | I38: 적립금 사용 불가 상품 P6 단독 주문서 | J38: 1. 적립금 영역 확인 | K38: 상품 P6 | L38: 1. 입력이 비활성이고 사용 불가 안내가 표시된다 2. [전액 사용]이 동작하지 않는다
A39: TC-PNT-007 | B39: 적립금 | C39: 제휴 경유 | D39: REQ-05 | E39: 추가 검증 | F39: 비결제 | G39: 수동 | H39: P3 | I39: 외부 광고 링크(검색 광고·제휴 블로그 링크)로 앱 상품 상세를 열어 주문서 진입 | J39: 1. 적립금·선할인 영역 확인 2. 앱을 종료하고 직접 실행 후 같은 상품 주문서 진입 | K39: 제휴 링크 | L39: 1. 제한 안내가 표시되거나 적립금 사용이 비활성이다(현재 동작 기록) 2. 직접 실행 시 정상 사용 가능하다
A40: TC-PNT-008 | B40: 적립금 | C40: 선할인 상호작용 | D40: REQ-06 | E40: 요구사항 | F40: 비결제 | G40: API | H40: P2 | I40: 선할인 가능 상품, 적립금 5,000원 이상 보유 | J40: 1. 적립금 1,000원 사용 후 선할인 선택 2. 선할인 선택 후 적립금 입력 | K40: 적립금 1,000원 | L40: Q04 회신 후 확정. 병행 불가면 한쪽 선택 시 다른 쪽이 해제·비활성되고, 병행 가능하면 두 할인이 모두 반영된다 | M40: Q04
A41: TC-PNT-009 | B41: 적립금 | C41: 재계산 | D41: REQ-04 | E41: 리스크 기반 | F41: 비결제 | G41: API | H41: P2 | I41: 적립금 최대(7%) 적용 상태 | J41: 1. 쿠폰 C1 추가 적용 2. 상품 1개 삭제(가능 시) 또는 뒤로가기 후 장바구니에서 상품 제거 후 재진입 | K41: 쿠폰 C1 | L41: 1~2. 적립금 적용액이 새 7% 한도로 자동 보정되고 최종 금액이 계산식과 일치한다(한도 초과 상태로 결제 진행되지 않는다) | M41: Q03
A42: TC-PNT-010 | B42: 적립금 | C42: 가입 적립금 | D42: REQ-15 | E42: 요구사항 | F42: 비결제 | G42: API | H42: P3 | I42: 신규 가입 계정(가입 적립금 5,000원), 가입 후 23시간 50분 경과 | J42: 1. 주문서에서 적립금 5,000원 적용 2. 24시간 경과 후 [결제하기](PG 진입 전 중단) | K42: 가입 적립금 | L42: 1. 적용된다 2. 만료된 적립금으로 결제가 진행되지 않고 재계산된다 | M42: Q10
A43: TC-SHP-001 | B43: 배송지·배송비 | C43: 배송지 선택 | E43: 추가 검증 | F43: 비결제 | G43: UI | H43: P2 | I43: 배송지 2개 등록, 1개 기본 배송지 | J43: 1. 주문서 진입 2. 배송지 변경에서 두 번째 배송지 선택 3. 뒤로가기 후 재진입 | K43: 배송지 A(기본), B | L43: 1. 기본 배송지 A가 자동 선택된다 2. B로 변경되고 배송비·도착 예정일이 재계산된다 3. 재진입 시 선택 배송지가 기본값(A)인지 마지막 선택(B)인지 기록
A44: TC-SHP-002 | B44: 배송지·배송비 | C44: 배송지 입력 | E44: 추가 검증 | F44: 비결제 | G44: UI | H44: P2 | I44: 주문서 > 배송지 추가 | J44: 1. 우편번호 검색으로 주소 선택 2. 상세주소 공란으로 저장 3. 수령인 1자, 연락처 '010-0000-0000' 저장 | K44: 상세주소 공란, 수령인 '가' | L44: 1. 기본 주소·우편번호가 자동 입력된다 2. 상세주소 필수면 오류 안내(선택이면 저장) 3. 형식 오류 항목에 안내가 표시된다(현재 동작 기록)
A45: TC-SHP-003 | B45: 배송지·배송비 | C45: 도서산간 | D45: REQ-12 | E45: 리스크 기반 | F45: 비결제 | G45: API | H45: P1 | I45: 제주 주소 배송지 등록, 유료 배송 브랜드 상품 주문서 | J45: 1. 배송지를 제주 주소로 변경 2. 배송비·최종 결제 금액 확인 3. 수도권 주소로 되돌림 | K45: 제주 주소, 상품 P5 | L45: 1. 도서산간 추가 배송비가 주문서에 별도 표기되고 최종 금액에 반영된다 2. 되돌리면 추가 배송비가 제거된다 | M45: Q01
A46: TC-SHP-004 | B46: 배송지·배송비 | C46: 브랜드별 배송비 | D46: REQ-12 | E46: 요구사항 | F46: 비결제 | G46: API | H46: P1 | I46: 유료 배송 브랜드 A 상품 1개 + 무료 배송 브랜드 B 상품 1개 | J46: 1. 주문서 배송비 항목 확인 2. B 상품 선택 해제 후 재진입 | K46: 브랜드 A(3,000원), B(무료) | L46: 1. 배송비 3,000원이 표시되고 브랜드별 내역이 확인된다 2. 배송비가 변동 없이 3,000원이다 | M46: Q01
A47: TC-SHP-005 | B47: 배송지·배송비 | C47: 무료배송 경계 | D47: REQ-12 | E47: 리스크 기반 | F47: 비결제 | G47: API | H47: P1 | I47: 조건부 무료배송 브랜드(예: 5만 원 이상 무료) 상품 상세에서 조건 확인 | J47: 1. 조건 − 10원 구성으로 주문서 배송비 확인 2. 조건과 동일 금액 3. 조건 + 10원 | K47: 49,990 / 50,000 / 50,010 | L47: 1. 배송비가 부과된다 2~3. 무료배송이 적용된다(기준이 쿠폰 적용 전/후 금액인지 기록) | M47: Q01, Q07
A48: TC-SHP-006 | B48: 배송지·배송비 | C48: 신규 무료배송 | D48: REQ-15 | E48: 요구사항 | F48: 비결제 | G48: API | H48: P3 | I48: 신규 가입 계정, 유료 배송 브랜드 상품 | J48: 1. 주문서 배송비 확인 | K48: 상품 P5 | L48: 1. 배송비 0원으로 표시되고 신규 혜택 적용 안내가 확인된다(도서산간 추가비 포함 여부 기록) | M48: Q01
A49: TC-SHP-007 | B49: 배송지·배송비 | C49: 요청사항 | E49: 추가 검증 | F49: 비결제 | G49: UI | H49: P3 | I49: 주문서 배송 요청사항 입력 | J49: 1. 최대 길이(안내 글자 수) 입력 후 1자 추가 2. 이모지·특수문자(<, >, ') 입력 3. 공동현관 비밀번호 입력 | K49: 긴 문자열, 이모지, 특수문자 | L49: 1. 최대 길이에서 입력이 제한되고 카운터가 표시된다 2. 깨짐·오류 없이 저장된다 3. 저장 후 마스킹 또는 그대로 표시되는지 기록
A50: TC-PAY-001 | B50: 결제수단 | C50: 목록·단일 선택 | D50: REQ-01 | E50: 요구사항 | F50: 비결제 | G50: UI | H50: P1 | I50: 주문서 결제수단 영역 | J50: 1. 결제수단 목록 확인 2. 무신사페이 선택 후 신용카드 선택 3. 간편결제 하위 항목 확인 | L50: 1. 무신사머니·무신사페이·일반 결제 그룹이 노출되고 일반 결제에 REQ-01의 수단이 포함된다 2. 한 번에 하나만 선택된다(라디오 동작) 3. 토스페이·카카오페이·삼성페이·KBPay·페이코·Apple Pay가 선택 가능하다
A51: TC-PAY-002 | B51: 결제수단 | C51: 자동 충전 | D51: REQ-01, REQ-11 | E51: 요구사항 | F51: 비결제 | G51: API | H51: P2 | I51: 무신사머니 가입, 잔액이 결제 금액보다 적음 | J51: 1. 무신사머니 선택 2. 부족 금액·충전 안내 확인(충전 실행 전 중단) | K51: 잔액 < 결제 금액 | L51: 1. 복합 결제 UI가 없다 2. 부족분이 2만 원 단위로 자동 충전된다는 안내와 충전 예정 금액이 표시된다
A52: TC-PAY-003 | B52: 결제수단 | C52: 즉시 할인 자동 선택 | D52: REQ-02 | E52: 요구사항 | F52: 비결제 | G52: API | H52: P1 | I52: 결제수단 즉시 할인 프로모션 진행 중(이벤트 > 혜택에서 확인) | J52: 1. 주문서 진입 시 선택된 결제수단 확인 2. 다른 결제수단 선택 시도 3. 즉시 할인 해제 후 다른 수단 선택 | K52: 프로모션 결제수단 | L52: 1. 프로모션 수단이 자동 선택되고 즉시 할인 금액이 표시된다 2. 해제 안내가 표시되고 바로 바뀌지 않는다 3. 변경되고 즉시 할인이 금액에서 제거된다 | M52: Q09
A53: TC-PAY-004 | B53: 결제수단 | C53: 휴대폰 한도 | D53: REQ-11 | E53: 요구사항 | F53: 비결제 | G53: API | H53: P2 | I53: 결제 금액 499,990원 / 500,000원 구성 | J53: 1. 499,990원에서 휴대폰 결제 선택 2. 500,000원에서 휴대폰 결제 선택 | K53: 499,990 / 500,000 | L53: 1. 선택 가능하다 2. 선택 불가 또는 한도 안내가 표시된다(기준이 배송비 포함인지 기록) | M53: Q07
A54: TC-PAY-005 | B54: 결제수단 | C54: 무신사머니 한도 | D54: REQ-11 | E54: 요구사항 | F54: 비결제 | G54: API | H54: P3 | I54: 200만 원 초과 상품(부티크) 주문서 | J54: 1. 무신사머니 선택 시도 | K54: 200만 원 초과 상품 | L54: 1. 선택 불가 또는 '200만 원 이하 상품만' 안내가 표시된다 | M54: Q07
A55: TC-PAY-006 | B55: 결제수단 | C55: Apple Pay 취소 | D55: REQ-01 | E55: 리스크 기반 | F55: 비결제 | G55: 수동 | H55: P1 | I55: Apple Pay 카드 등록, 쿠폰·적립금 적용 주문서 | J55: 1. Apple Pay 선택 후 [결제하기] 2. Apple Pay 시트에서 취소 3. 주문 내역·쿠폰함·적립금 잔액 확인 | K55: 쿠폰 C1, 적립금 1,000원 | L55: 1. Apple Pay 시트가 표시된다 2. 주문서로 복귀하고 입력 상태가 유지된다 3. 결제대기 주문이 남지 않거나 남더라도 쿠폰·적립금이 즉시 반환된다(현재 동작 기록) | M55: Q06
A56: TC-PAY-007 | B56: 결제수단 | C56: PG 이탈 | D56: REQ-01 | E56: 리스크 기반 | F56: 비결제 | G56: 수동 | H56: P1 | I56: 신용카드 선택, 쿠폰·적립금 적용 | J56: 1. [결제하기] → PG(카드사) 화면 진입 2. 닫기/뒤로가기로 이탈 3. 주문 내역·쿠폰함·적립금 확인 4. 같은 주문서에서 재시도 | K56: 쿠폰 C1, 적립금 1,000원 | L56: 2. 주문서로 복귀한다 3. 결제대기 주문 생성 여부와 쿠폰·적립금 반환 여부를 기록한다 4. 재시도가 가능하고 쿠폰이 중복 차감되지 않는다 | M56: Q06
A57: TC-PAY-008 | B57: 결제수단 | C57: PG 중 앱 전환 | D57: REQ-01 | E57: 리스크 기반 | F57: 비결제 | G57: 수동 | H57: P2 | I57: PG 화면 진입 상태 | J57: 1. 홈으로 이동 후 3분 대기 2. 앱 복귀 | L57: 1~2. PG 화면이 유지되거나 세션 만료 시 주문서로 안전하게 복귀하며 오류·빈 화면이 없다 | M57: Q06
A58: TC-PAY-009 | B58: 결제수단 | C58: 중복 탭 | D58: REQ-01 | E58: 리스크 기반 | F58: 실결제 | G58: UI | H58: P1 | I58: 소액 상품(예: 1만 원 이하) 주문서, 무신사페이 또는 Apple Pay | J58: 1. [결제하기]를 빠르게 2회 연속 탭 2. 결제 완료 후 주문 내역 확인 ※ 완료 후 TC-CNL-001로 즉시 취소 | K58: 소액 상품 | L58: 1. 결제 화면이 한 번만 열린다 2. 주문이 1건만 생성된다
A59: TC-PAY-010 | B59: 결제수단 | C59: 가상계좌 안내 | D59: REQ-10 | E59: 요구사항 | F59: 장기 | G59: API | H59: P2 | I59: 소액 상품, 가상계좌 선택 | J59: 1. 은행 선택 후 [결제하기] 2. 주문 완료 화면·주문 내역의 계좌 정보 확인 3. 입금하지 않음 | K59: 소액 상품 | L59: 1. 계좌번호·입금 기한(주문 후 48시간)·정확한 입금 금액이 표시된다 2. 주문 상태가 '입금대기'로 표시된다
A60: TC-PAY-011 | B60: 결제수단 | C60: 가상계좌 자동 취소 | D60: REQ-10 | E60: 요구사항 | F60: 장기 | G60: API | H60: P2 | I60: TC-PAY-010 수행 후 48시간 경과(쿠폰·적립금 적용한 주문) | J60: 1. 주문 내역 상태 확인 2. 쿠폰함·적립금 잔액 확인 | K60: TC-PAY-010 주문 | L60: 1. 주문이 자동 취소 상태로 표시된다 2. 사용한 쿠폰·적립금이 반환된다
A61: TC-PAY-012 | B61: 결제수단 | C61: 카드 추가 인증 | D61: REQ-01 | E61: 추가 검증 | F61: 비결제 | G61: 수동 | H61: P3 | I61: 결제 금액 30만 원 이상 주문서, 신용카드 선택 | J61: 1. [결제하기] → PG 화면 진입 후 인증 단계 확인(결제 전 이탈) | K61: 30만 원 이상 | L61: 1. FAQ의 '공인인증서 필요' 문구와 실제 인증 방식(카드사 앱 인증 등)이 일치하는지 기록한다. 불일치 시 안내 문구 결함으로 보고
A62: TC-CNL-001 | B62: 주문 취소·상태 | C62: 즉시 취소 | D62: REQ-09 | E62: 요구사항 | F62: 실결제 | G62: API | H62: P1 | I62: 소액 상품 1개, 쿠폰 C1·적립금 1,000원 적용, 무신사페이 결제 완료(TC-PAY-009와 동일 주문 사용 가능) | J62: 1. 주문 완료 화면 확인 2. 마이 > 주문 내역 > 해당 주문 상태 확인 3. [주문 취소] 실행 | K62: 소액 주문 1건 | L62: 1. 주문번호·결제 금액·결제수단이 주문서와 일치한다 2. 상태가 '결제완료'다 3. 승인 없이 즉시 '취소완료'로 바뀌고 환불 예정 안내(수단별 기간)가 표시된다
A63: TC-CNL-002 | B63: 주문 취소·상태 | C63: 쿠폰 반환 | D63: REQ-09 | E63: 요구사항 | F63: 실결제 | G63: API | H63: P1 | I63: TC-CNL-001 수행 직후 | J63: 1. 쿠폰함에서 C1 확인 2. 새 주문서에서 C1 적용 | K63: 쿠폰 C1 | L63: 1. C1이 사용 가능 상태로 복구되고 유효기간이 원래와 같다 2. 적용된다
A64: TC-CNL-003 | B64: 주문 취소·상태 | C64: 적립금 반환 | D64: REQ-09, REQ-13 | E64: 요구사항 | F64: 실결제 | G64: API | H64: P1 | I64: TC-CNL-001 수행 직후, 취소 전 적립금 잔액 기록 | J64: 1. 마이 > 적립금 내역 확인 | K64: 적립금 1,000원 | L64: 1. 사용한 1,000원이 반환 내역으로 표시되고 잔액이 취소 전 + 1,000원이다
A65: TC-CNL-004 | B65: 주문 취소·상태 | C65: 부분 취소 | D65: REQ-13 | E65: 요구사항 | F65: 실결제 | G65: API | H65: P2 | I65: 서로 다른 상품 2개(A 10,000원, B 20,000원) 주문, 적립금 2,100원(7%) 사용, 결제완료 상태 | J65: 1. A만 취소 2. 적립금 내역·환불 금액 확인 3. B도 취소 | K65: A 10,000 / B 20,000, 적립금 2,100원 | L65: 1. A만 취소된다 2. 적립금 700원(A의 7%)이 반환되고 환불 금액은 9,300원이다, 배송비 변동이 있으면 재계산 내역이 표시된다 3. 나머지 1,400원이 반환된다 | M65: Q01
A66: TC-CNL-005 | B66: 주문 취소·상태 | C66: 준비중 취소 요청 | D66: REQ-09 | E66: 요구사항 | F66: 장기 | G66: API | H66: P2 | I66: 결제완료 주문이 '상품준비중'으로 전환됨(브랜드 접수 후) | J66: 1. [주문 취소 요청] 실행 2. 상태·안내 확인 3. 승인/거절 결과 확인 | K66: 실결제 주문 | L66: 1. 즉시 취소되지 않고 '취소 요청' 상태로 표시된다 2. 거절 가능성 안내가 표시된다 3. 승인 시 '취소완료', 거절 시 알림과 상태 표시(Q11 기록) | M66: Q11
A67: TC-CNL-006 | B67: 주문 취소·상태 | C67: 결제수단 변경 | D67: REQ-14 | E67: 요구사항 | F67: 비결제 | G67: UI | H67: P3 | I67: 결제완료 주문 상세 | J67: 1. 결제수단 변경 메뉴 유무 확인 | L67: 1. 변경 메뉴가 없고, 고객센터 안내 등에 '취소 후 재주문' 안내가 확인된다
A68: TC-CNL-007 | B68: 주문 취소·상태 | C68: 주문제작 상품 | D68: REQ-09 | E68: 요구사항 | F68: 비결제 | G68: UI | H68: P3 | I68: 상품명에 '주문제작'이 표기된 상품 상세·주문서 | J68: 1. 상세·주문서에서 취소 제한 안내 확인 | K68: 주문제작 상품 | L68: 1. 상품준비중 취소 불가 취지의 안내가 결제 전에 표시된다
A69: TC-MOB-001 | B69: 모바일 특화 | C69: 백그라운드 복귀 | E69: 리스크 기반 | F69: 비결제 | G69: UI | H69: P1 | I69: 주문서에서 쿠폰·적립금·요청사항 입력 | J69: 1. 홈 버튼으로 백그라운드 전환 2. 10분 후 복귀 3. 60분 후 복귀 | K69: 쿠폰 C1, 적립금 1,000원 | L69: 1~2. 주문서와 입력값이 유지된다 3. 세션 만료 시 안내 후 재로그인·주문서 재진입이 가능하고 금액이 재계산된다(빈 화면·크래시 없음)
A70: TC-MOB-002 | B70: 모바일 특화 | C70: 오프라인 | E70: 리스크 기반 | F70: 비결제 | G70: 수동 | H70: P1 | I70: 비행기 모드 ON | J70: 1. 장바구니 담기 시도 2. 주문서 진입 시도 3. 비행기 모드 OFF 후 재시도 | L70: 1~2. 네트워크 오류 안내가 표시되고 무한 로딩·크래시가 없다 3. 정상 동작하며 오프라인 중 시도한 담기가 중복 반영되지 않는다
A71: TC-MOB-003 | B71: 모바일 특화 | C71: 네트워크 전환 | E71: 리스크 기반 | F71: 비결제 | G71: 수동 | H71: P2 | I71: Wi-Fi 연결 상태 | J71: 1. 주문서 로딩 중 Wi-Fi OFF → LTE 전환 2. 적립금 입력 직후 LTE → Wi-Fi 전환 | L71: 1~2. 로딩이 완료되고 금액·입력값이 정확하다, 오류 시 재시도 안내가 표시된다
A72: TC-MOB-004 | B72: 모바일 특화 | C72: 인터럽트 | E72: 리스크 기반 | F72: 비결제 | G72: 수동 | H72: P1 | I72: PG 화면 또는 Apple Pay 시트 표시 중 | J72: 1. 전화 수신(보조 폰에서 발신) 후 통화 10초 2. 통화 종료 후 앱 복귀 | L72: 1~2. 결제 화면이 유지되거나 주문서로 안전 복귀하며 중복 주문·결제가 발생하지 않는다 | M72: Q06
A73: TC-MOB-005 | B73: 모바일 특화 | C73: 푸시 딥링크 | E73: 추가 검증 | F73: 비결제 | G73: 수동 | H73: P2 | I73: 쿠폰 지급·혜택 푸시 수신(알림 허용 상태), 주문서 작성 중 | J73: 1. 알림 센터에서 푸시 탭 2. 이동한 화면 확인 3. 뒤로가기로 주문서 복귀 시도 | K73: 혜택 푸시 | L73: 1~2. 푸시 대상 화면(쿠폰함·이벤트)으로 이동한다 3. 주문서 상태가 유지되거나 장바구니로 안내된다(현재 동작 기록), 크래시 없음
A74: TC-MOB-006 | B74: 모바일 특화 | C74: 유니버설 링크 | E74: 추가 검증 | F74: 비결제 | G74: UI | H74: P2 | I74: 앱 설치 상태, Safari | J74: 1. Safari에서 상품 URL(musinsa.com/products/…) 열기 2. 앱 미설치 기기(또는 앱 삭제 후)에서 같은 URL 열기 | K74: 상품 URL | L74: 1. 앱의 해당 상품 상세가 열리고 장바구니 담기가 가능하다 2. 웹 상품 페이지 또는 앱 설치 유도가 표시된다
A75: TC-MOB-007 | B75: 모바일 특화 | C75: 결제 중 강제 종료 | E75: 리스크 기반 | F75: 비결제 | G75: 수동 | H75: P1 | I75: PG 화면 진입 상태(카드 정보 입력 전) | J75: 1. 앱 스위처에서 강제 종료 2. 앱 재실행 후 주문 내역·쿠폰함·적립금 확인 | K75: 쿠폰 C1, 적립금 1,000원 | L75: 2. 결제되지 않은 주문이 결제대기로 남는지, 쿠폰·적립금이 반환되는지 기록한다(Q06). 반환되지 않고 재시도도 불가하면 결함 | M75: Q06
A76: TC-MOB-008 | B76: 모바일 특화 | C76: 스와이프 백 | E76: 추가 검증 | F76: 비결제 | G76: 수동 | H76: P3 | I76: 주문서 화면 | J76: 1. 화면 왼쪽 가장자리 스와이프로 뒤로가기 | L76: 1. 장바구니로 복귀하고 이탈 확인 안내가 있다면 일관되게 표시된다
A77: TC-MOB-009 | B77: 모바일 특화 | C77: 키보드 | E77: 추가 검증 | F77: 비결제 | G77: 수동 | H77: P3 | I77: 주문서 적립금 입력 | J77: 1. 적립금 입력 필드 탭 2. 요청사항 입력 중 [결제하기] 버튼 위치 확인 | L77: 1. 숫자 키패드가 표시된다 2. 키보드가 결제 버튼·금액 영역을 가리지 않거나 스크롤로 접근 가능하다
A78: TC-MOB-010 | B78: 모바일 특화 | C78: 알림 권한 거부 | E78: 추가 검증 | F78: 실결제 | G78: 수동 | H78: P3 | I78: 설정에서 무신사 알림 OFF, TC-CNL-001 주문 완료 | J78: 1. 주문 완료·취소 안내 수신 경로 확인 | L78: 1. 푸시 없이도 앱 내 알림함·알림톡 등으로 주문·취소 안내가 확인된다
A79: TC-MOB-011 | B79: 모바일 특화 | C79: 앱 업데이트 | E79: 추가 검증 | F79: 비결제 | G79: 수동 | H79: P3 | I79: App Store에 업데이트가 있는 구버전 상태, 장바구니에 상품 있음 | J79: 1. 앱 업데이트 2. 장바구니 확인 | L79: 1~2. 로그인·장바구니가 유지된다 | M79: Q08
A80: TC-SEC-001 | B80: 보안·입력 검증 | C80: 쿠폰 등록 | D80: REQ-07 | E80: 리스크 기반 | F80: 비결제 | G80: API | H80: P2 | I80: 쿠폰 등록 화면 | J80: 1. 이미 사용한 쿠폰 번호 등록 2. 임의 문자열·SQL 메타문자(' OR 1=1) 등록 3. 만료 쿠폰 번호 등록 | K80: 사용 완료 번호, 임의 문자열 | L80: 1~3. 모두 거부되고 각각에 맞는 안내가 표시되며 오류 화면·크래시가 없다
A81: TC-SEC-002 | B81: 보안·입력 검증 | C81: 세션 만료 | E81: 리스크 기반 | F81: 비결제 | G81: API | H81: P2 | I81: 앱 주문서 진입 상태에서 웹으로 같은 계정 비밀번호 변경(또는 전체 기기 로그아웃) | J81: 1. 앱에서 [결제하기] | L81: 1. 재로그인 요구가 표시되고 주문·결제가 생성되지 않는다
A82: TC-SEC-003 | B82: 보안·입력 검증 | C82: 적립금 입력 검증 | D82: REQ-04 | E82: 리스크 기반 | F82: 비결제 | G82: API | H82: P2 | I82: 적립금 5,000원 이상 보유 | J82: 1. '-100' 입력 2. 'abc', '1e3' 입력 3. 보유 금액 + 10원 입력 4. 12자리 숫자 입력 | K82: -100 / abc / 보유+10 / 999999999999 | L82: 1~2. 입력이 거부되거나 0으로 처리된다 3. 보유 금액(또는 7% 한도)으로 보정된다 4. 자릿수 제한 또는 보정이 적용되고 UI가 깨지지 않는다
A83: TC-SEC-004 | B83: 보안·입력 검증 | C83: 민감 정보 표시 | E83: 추가 검증 | F83: 비결제 | G83: 수동 | H83: P3 | I83: 무신사페이 카드 등록 상태 | J83: 1. 주문서 결제수단에서 카드 정보 표시 확인 2. 앱 스위처(백그라운드) 스냅샷 확인 | L83: 1. 카드번호가 마스킹된다 2. 스냅샷에서 결제 정보가 가려지거나 노출 범위가 마스킹된 수준이다(현재 동작 기록)
A84: TC-SEC-005 | B84: 보안·입력 검증 | C84: 결제 실패 처리 | D84: REQ-01 | E84: 추가 검증 | F84: 실결제 | G84: API | H84: P3 | I84: 한도 초과 또는 잔액 없는 체크카드를 무신사페이에 등록 | J84: 1. 소액 결제 시도 | K84: 잔액 없는 체크카드 | L84: 1. 실패 원인 안내가 표시되고 주문이 결제완료로 남지 않으며 쿠폰·적립금이 반환된다 | M84: Q06
A85: TC-SEC-006 | B85: 보안·입력 검증 | C85: 재고 경합 | D85: REQ-10 | E85: 리스크 기반 | F85: 실결제 | G85: API | H85: P3 | I85: 재고 1인 소액 옵션, 앱과 웹(보조 계정)에서 각각 주문서 진입 | J85: 1. 두 쪽에서 거의 동시에 결제 | K85: 재고 1 옵션 | L85: 1. 한쪽만 결제 완료되고 다른 쪽은 품절 안내와 함께 결제되지 않는다(또는 자동 취소) ※ 완료된 주문은 즉시 취소 | M85: Q05
A86: TC-CMP-001 | B86: 호환성·접근성 | C86: iOS 버전 | E86: 추가 검증 | F86: 비결제 | G86: UI | H86: P2 | I86: 보유 기기 iOS 26.5 기준 수행. 직전 메이저(iOS 25.x) 기기는 확보 시 추가, 미확보 시 N/A 처리하고 보고서에 명시 | J86: 1. 장바구니 → 주문서 → PG 진입 전까지 스모크 수행 | L86: 1. 두 버전에서 동일하게 동작하고 레이아웃 차이가 없다
A87: TC-CMP-002 | B87: 호환성·접근성 | C87: 화면 크기 | E87: 추가 검증 | F87: 비결제 | G87: UI | H87: P2 | I87: 소형(iPhone SE/mini) 및 대형(Pro Max) 기기 또는 보유 기기 1종 | J87: 1. 주문서 하단 결제 버튼·금액 영역 확인 2. 결제수단 목록 스크롤 | L87: 1. 결제 버튼이 항상 노출되고 금액이 잘리지 않는다 2. 모든 결제수단에 접근 가능하다
A88: TC-CMP-003 | B88: 호환성·접근성 | C88: 다이나믹 타입 | E88: 추가 검증 | F88: 비결제 | G88: 수동 | H88: P2 | I88: 설정 > 손쉬운 사용 > 더 큰 텍스트 최대 | J88: 1. 장바구니·주문서 진입 | L88: 1. 금액·버튼 텍스트가 잘리거나 겹치지 않고 결제 버튼이 접근 가능하다
A89: TC-CMP-004 | B89: 호환성·접근성 | C89: VoiceOver | E89: 추가 검증 | F89: 비결제 | G89: 수동 | H89: P3 | I89: VoiceOver ON | J89: 1. 장바구니에서 수량 변경·선택 2. 주문서에서 쿠폰 선택·적립금 입력·결제 버튼 포커스 | L89: 1~2. 모든 컨트롤에 레이블이 읽히고 순서대로 포커스 이동이 가능하다
A90: TC-CMP-005 | B90: 호환성·접근성 | C90: 다크 모드 | E90: 추가 검증 | F90: 비결제 | G90: 수동 | H90: P3 | I90: 시스템 다크 모드 ON | J90: 1. 장바구니·주문서 확인 | L90: 1. 할인 금액·안내 문구의 대비가 충분하고 흰 배경 잔존 영역이 없다
A91: TC-CMP-006 | B91: 호환성·접근성 | C91: 시스템 언어 | E91: 추가 검증 | F91: 비결제 | G91: 수동 | H91: P3 | I91: iOS 언어 English, 지역 미국 | J91: 1. 주문서 금액·날짜 표기 확인 | L91: 1. 통화는 원화(₩/원)로 유지되고 도착 예정일 형식이 깨지지 않는다

Sheet 테스트 데이터
A1: 구분 | B1: ID | C1: 이름 | D1: 조건 | E1: 사용 TC | F1: 준비 완료 | G1: 실제 값(상품명·쿠폰명 등)
A2: 계정 | B2: M1 | C2: 메인 테스트 계정 | D2: 등급 할인 대상(실버 이상), 적립금 1만 원 이상, 등급 쿠폰 보유, 무신사페이 등록, 배송지 2개 | E2: 대부분의 TC
A3: 계정 | B3: M2 | C3: 적립금 미달 계정 | D3: 적립금 4,990원 이하(또는 메인 계정에서 적립금 사용 주문을 결제완료 상태로 둔 뒤 잔액 <5,000 상태 이용) | E3: TC-PNT-001
A4: 계정 | B4: M3 | C4: 신규 가입 계정 | D4: 가입 쿠폰 20%, 가입 적립금 5,000원, 365일 무료배송 | E4: TC-CPN-010, TC-PNT-010, TC-SHP-006
A5: 계정 | B5: M4 | C5: 보조 계정(웹) | D5: 재고 경합·품절 유도용 | E5: TC-CART-005, TC-ORD-004, TC-SEC-006
A6: 상품 | B6: P1 | C6: 일반 배송 상품 | D6: 쿠폰·적립금 사용 가능, 재고 충분. 7% 경계용으로 합계 정확히 100,000원이 되는 구성 1세트 별도 준비 | E6: 기본, TC-PNT-003
A7: 상품 | B7: P2~P4 | C7: 일반 상품 | D7: 서로 다른 브랜드 | E7: 장바구니 복수 상품
A8: 상품 | B8: P5 | C8: 유료 배송 브랜드 상품 | D8: 배송비 3,000원, 도서산간 추가비 있음 | E8: 배송비 TC
A9: 상품 | B9: P6 | C9: 적립금 사용 불가 상품 | D9: 주문서에 적립금 불가 표기 | E9: TC-PNT-006, TC-ORD-005
A10: 상품 | B10: P7 | C10: 쿠폰 사용 제한 상품 | D10: 상세에 쿠폰 적용 불가 표기 | E10: TC-CPN-001/002
A11: 상품 | B11: P8 | C11: 품절 임박 옵션 | D11: 재고 1~2 | E11: 품절·경합 TC
A12: 상품 | B12: P9 | C12: 소액 상품 | D12: 1만 원 이하, 즉시 취소 가능 브랜드 | E12: 실결제 TC
A13: 상품 | B13: P10 | C13: 일반/무배당발 옵션 공존 상품 | E13: TC-CART-008
A14: 쿠폰 | B14: C1 | C14: 등급 쿠폰(월 쿠폰팩, 정률 10% 가정) | D14: 실제 할인율·최소 주문 금액·최대 할인·적용 범위는 쿠폰함에서 확인해 '실제 값'에 기록 | E14: 기본
A15: 쿠폰 | B15: C2 | C15: 최소 주문 금액 쿠폰 | D15: 예: 3만 원 이상 | E15: TC-CPN-003
A16: 쿠폰 | B16: C3 | C16: 최대 할인 한도 쿠폰 | D16: 예: 20%, 최대 1만 원 | E16: TC-CPN-004
A17: 쿠폰 | B17: C4 | C17: 브랜드 쿠폰 | D17: P1 브랜드 대상 | E17: TC-CPN-005
A18: 쿠폰 | B18: C5 | C18: 당일 만료 쿠폰 | D18: 23:59 만료 | E18: TC-CPN-008
A20: ※ 금액·조건은 예시. 실제 쿠폰 조건과 브랜드 배송 정책은 수행 시점에 확인해 '실제 값'에 기록

Sheet 질의사항
A1: ID | B1: 질의 | C1: 영향 | D1: 회신 전 처리 | E1: 영향 TC 수 | F1: 영향 TC | G1: 확인 결과(앱 동작) | H1: 확인일
A2: Q01 | B2: 배송비 산정 규칙: 브랜드별 부과인지, 장바구니 합계 기준 무료배송 조건과 금액, 도서산간 추가 배송비가 반영되는 시점(주문서 진입 시 / 배송지 선택 후) | C2: 금액 정합성, 배송비 TC | D2: 주문서의 배송비 표기와 브랜드별 상품고시정보를 기록해 규칙 역도출 후 판정 | E2: =COUNTIF('테스트케이스'!$M$2:$M$91,"*"&A2&"*") | F2: CART-007, CART-008, SHP-003, SHP-004, SHP-005, SHP-006, CNL-004
A3: Q02 | B3: 장바구니 제한: 담을 수 있는 최대 상품 수, 옵션당 최대 수량, 초과 시 안내 문구 | C3: 장바구니 경계값 TC | D3: 현재 동작(최대값, 안내 문구) 기록 후 판정 | E3: =COUNTIF('테스트케이스'!$M$2:$M$91,"*"&A3&"*") | F3: CART-002, CART-003
A4: Q03 | B4: 할인 적용 순서(등급 할인 → 쿠폰 → 적립금?)와 적립금 7% 한도의 기준 금액(상품 금액 / 쿠폰 적용 후 / 배송비 포함 여부), 10원 미만 절사·반올림 규칙 | C4: 금액 정합성, 적립금 TC | D4: 주문서의 각 항목 금액을 기록해 계산식 역도출 후 판정 | E4: =COUNTIF('테스트케이스'!$M$2:$M$91,"*"&A4&"*") | F4: ORD-002, ORD-003, ORD-010, CPN-006, PNT-003, PNT-004, PNT-005, PNT-009
A5: Q04 | B5: 쿠폰 중복 규칙: 상품당 1장인지, 등급 쿠폰과 브랜드 쿠폰 중복 가능 여부, 쿠폰 할인과 적립금 선할인 병행 가능 여부 | C5: 쿠폰 TC | D5: 현재 동작(적용 가능 조합) 기록 후 판정 | E5: =COUNTIF('테스트케이스'!$M$2:$M$91,"*"&A5&"*") | F5: ORD-008, CPN-005, CPN-006, PNT-008
A6: Q05 | B6: 품절·가격 변동 처리: 장바구니에 담은 뒤 품절·가격 인상된 상품의 표시와 주문 가능 여부, 주문서 진입 후 품절 시 결제가 차단되는 시점 | C6: 장바구니·주문서 TC, 운영 리스크 | D6: 현재 동작(표시 방식, 차단 시점) 기록 후 판정 | E6: =COUNTIF('테스트케이스'!$M$2:$M$91,"*"&A6&"*") | F6: CART-005, CART-006, ORD-004, SEC-006
A7: Q06 | B7: 결제 중단 처리: PG·Apple Pay 화면에서 뒤로가기/앱 종료 시 '결제대기' 주문 생성 여부, 사용한 쿠폰·적립금의 즉시 반환 여부, 재시도 경로 | C7: 결제수단·모바일 TC | D7: 현재 동작(주문 내역 상태, 쿠폰함·적립금 잔액) 기록 후 판정 | E7: =COUNTIF('테스트케이스'!$M$2:$M$91,"*"&A7&"*") | F7: CPN-009, PAY-006, PAY-007, PAY-008, MOB-004, MOB-007, SEC-005
A8: Q07 | B8: '결제 금액'의 정의: 적립금 7% 한도와 결제수단 한도(휴대폰 50만 원, 무신사머니 200만 원)의 기준이 배송비 포함 금액인지, 쿠폰 적용 후 금액인지 | C8: 한도 경계값 TC | D8: 경계 금액 ±10원 구성으로 현재 동작 기록 후 판정 | E8: =COUNTIF('테스트케이스'!$M$2:$M$91,"*"&A8&"*") | F8: PNT-003, SHP-005, PAY-004, PAY-005
A9: Q08 | B9: 장바구니 동기화·유지: 웹과 앱 장바구니 동기화 여부, 로그아웃·재로그인·앱 재설치 시 유지 여부, 비회원 장바구니의 로그인 후 병합 여부 | C9: 장바구니·모바일 TC | D9: 현재 동작 기록 후 판정 | E9: =COUNTIF('테스트케이스'!$M$2:$M$91,"*"&A9&"*") | F9: CART-009, CART-010, MOB-011
A10: Q09 | B10: 즉시 할인 자동 선택 시 다른 결제수단으로 바꾸는 UX(해제 안내 문구 유무)와 해제 후 금액 재계산 | C10: 결제수단 TC | D10: 현재 동작 기록 후 판정 | E10: =COUNTIF('테스트케이스'!$M$2:$M$91,"*"&A10&"*") | F10: PAY-003
A11: Q10 | B11: 가입 적립금 24시간·가입 쿠폰 30일 만료 경계: 주문서를 열어둔 채 만료 시각이 지나면 적용된 혜택이 어떻게 처리되는지 | C11: 신규 혜택 TC, 금액 정합성 | D11: 만료 직후 결제 시도 시 현재 동작 기록 후 판정 | E11: =COUNTIF('테스트케이스'!$M$2:$M$91,"*"&A11&"*") | F11: CPN-008, PNT-010
A12: Q11 | B12: 상품준비중 취소 요청이 거절될 때의 알림(알림톡·앱 푸시)과 앱 내 상태 표시, 요청 철회 후 재요청 불가 처리 | C12: 주문 취소 TC | D12: 현재 동작 기록 후 판정 | E12: =COUNTIF('테스트케이스'!$M$2:$M$91,"*"&A12&"*") | F12: CNL-005
A13: Q12 | B13: 적립금 사용 불가 상품과 가능 상품을 함께 주문할 때 7% 한도의 기준 금액(가능 상품 금액만인지)과 주문서 표시 | C13: 적립금 TC | D13: 현재 동작(한도 금액, 안내) 기록 후 판정 | E13: =COUNTIF('테스트케이스'!$M$2:$M$91,"*"&A13&"*") | F13: ORD-005
A15: ※ 영향 TC 목록은 2026-10-25 설계 시점 기준. TC의 '관련 질의' 열을 바꾸면 '영향 TC 수'만 자동 갱신됨

Sheet 모바일 체크리스트
A1: 관점 | B1: 확인 항목 | C1: 연결 TC | D1: 비고
A2: 앱 생명주기 | B2: 백그라운드/포그라운드 전환, 장시간 대기 후 세션 만료, 강제 종료 후 복구 | C2: TC-MOB-001, TC-MOB-007, TC-CART-009
A3: 네트워크 | B3: 오프라인, Wi-Fi↔셀룰러 전환, 저속망, 요청 중복 전송 | C3: TC-MOB-002, TC-MOB-003
A4: 인터럽트 | B4: 전화 수신, 알림 배너, 알람, 시리 호출 | C4: TC-MOB-004
A5: 진입 경로 | B5: 푸시 딥링크, 유니버설 링크, 제휴 링크(바로 접속 OFF) | C5: TC-MOB-005, TC-MOB-006, TC-PNT-007
A6: OS 통합 | B6: Apple Pay 시트, 앱 스위처 스냅샷, 스와이프 백 제스처, 키보드 | C6: TC-PAY-006, TC-SEC-004, TC-MOB-008, TC-MOB-009
A7: 권한 | B7: 알림 권한 거부 시 대체 경로 | C7: TC-MOB-010
A8: 설치·업데이트 | B8: 업데이트 후 로그인·장바구니 유지 | C8: TC-MOB-011
A9: 기기·OS 매트릭스 | B9: iOS 최신/직전, 소형/대형 화면 | C9: TC-CMP-001, TC-CMP-002
A10: 접근성·표시 | B10: 다이나믹 타입, VoiceOver, 다크 모드, 시스템 언어 | C10: TC-CMP-003 ~ TC-CMP-006
A11: 데이터 동기화 | B11: 웹↔앱 장바구니, 다중 기기 동시 사용 | C11: TC-CART-010, TC-CPN-009, TC-SEC-006
A13: ※ 앱 테스트 학습용 관점 목록. 각 관점이 최소 1개 TC로 연결되도록 설계

Sheet 결함 리포트
A1: 결함 ID | B1: TC ID | C1: 제목 | D1: 심각도 | E1: 우선순위 | F1: 환경(기기/iOS/앱 버전) | G1: 재현 절차 | H1: 기대 결과 | I1: 실제 결과 | J1: 재현율 | K1: 첨부 | L1: 상태 | M1: 등록일 | N1: 비고
A2: DEF-000 | B2: TC-PNT-004 | C2: (예시) 적립금 1,005원 입력 시 단위 안내 없이 1,005원 그대로 적용됨 | D2: S2 | E2: P1 | F2: iPhone 15 / iOS 18.x / 앱 x.y.z | G2: 1. 주문서 적립금 입력 1,005원 2. 적용 버튼 탭 3. 최종 결제 금액 확인 | H2: 10원 단위 절사(1,000원) 또는 단위 안내 후 거부 | I2: 1,005원이 그대로 차감되어 최종 금액이 5원 단위로 표시 | J2: 3/3 | K2: def-000-1.png | L2: 신규 | M2: 2026-10-26 | N2: 예시 행 — 실제 결함 등록 시 삭제
A25: 심각도 기준
A26: S1 | B26: 결제 금액 오류, 중복 결제, 주문·데이터 유실, 크래시로 결제 불가
A27: S2 | B27: 주요 기능(쿠폰·적립금·취소) 동작 불가 또는 정책과 다른 금액 처리
A28: S3 | B28: 안내 문구·UI 오류, 우회 가능한 기능 이상
A29: S4 | B29: 개선 제안, 사소한 표기
